EmpID,Survey Date,Engagement,Satisfaction,Work-Life Balance,,,,,,,,,
1011,08-Dec-22,1,2,3,,,,,,,,,
1015,11-Jul-23,1,1,3,,,,,,,,,
1043,25-Feb-23,1,1,3,,,,,,,,,
1075,10-Apr-23,1,2,3,,,,,,,,,
1081,03-Mar-23,1,3,3,,,,,,,,,
1101,21-Mar-23,1,1,3,,,,,,,,,
1114,03-Mar-23,1,3,3,,,,,,,,,
1118,22-Feb-23,1,5,3,,,,,,,,,
1163,14-Dec-22,1,2,3,,,,,,,,,
1204,22-Jun-23,1,4,3,,,,,,,,,
1214,02-Jun-23,1,5,3,,,,,,,,,
1238,29-Dec-22,1,3,3,,,,,,,,,
1240,02-Aug-23,1,4,3,,,,,,,,,
1292,21-Mar-23,1,4,3,,,,,,,,,
1309,07-Sep-22,1,1,3,,,,,,,,,
1325,17-Dec-22,1,5,3,,,,,,,,,
1328,07-Nov-22,1,4,3,,,,,,,,,
1343,07-Sep-22,1,2,3,,,,,,,,,
1349,21-Apr-23,1,2,3,,,,,,,,,
1357,30-Jan-23,1,4,3,,,,,,,,,
1367,20-Jul-23,1,4,3,,,,,,,,,
1427,09-Feb-23,1,2,3,,,,,,,,,
1429,23-Mar-23,1,4,3,,,,,,,,,
1434,21-Oct-22,1,2,3,,,,,,,,,
1448,23-Oct-22,1,1,3,,,,,,,,,
1465,02-Jun-23,1,1,3,,,,,,,,,
1478,22-Nov-22,1,1,3,,,,,,,,,
1491,29-Mar-23,1,3,3,,,,,,,,,
1498,28-Dec-22,1,5,3,,,,,,,,,
1516,16-Jul-23,1,5,3,,,,,,,,,
1527,02-Jun-23,1,1,3,,,,,,,,,
1530,31-Oct-22,1,2,3,,,,,,,,,
1554,08-Jun-23,1,3,3,,,,,,,,,
1563,23-Apr-23,1,4,3,,,,,,,,,
1568,04-Oct-22,1,2,3,,,,,,,,,
1573,10-Jun-23,1,1,3,,,,,,,,,
1615,27-Jul-23,1,1,3,,,,,,,,,
1710,03-Jul-23,1,2,3,,,,,,,,,
1714,27-Feb-23,1,2,3,,,,,,,,,
1825,27-Oct-22,1,3,3,,,,,,,,,
1836,06-Oct-22,1,4,3,,,,,,,,,
1837,01-Jan-23,1,3,3,,,,,,,,,
1860,21-Mar-23,1,4,3,,,,,,,,,
1869,31-Aug-22,1,2,3,,,,,,,,,
1871,12-Dec-22,1,4,3,,,,,,,,,
1884,14-Apr-23,1,3,3,,,,,,,,,
1896,17-Jan-23,1,1,3,,,,,,,,,
1922,29-Apr-23,1,1,3,,,,,,,,,
1925,21-Apr-23,1,5,3,,,,,,,,,
1938,15-Sep-22,1,4,3,,,,,,,,,
1947,28-Jun-23,1,3,3,,,,,,,,,
2000,25-Oct-22,1,3,3,,,,,,,,,
2043,07-Jun-23,1,3,3,,,,,,,,,
2092,24-Jul-23,1,2,3,,,,,,,,,
2102,16-Jul-23,1,1,3,,,,,,,,,
2104,10-Jun-23,1,4,3,,,,,,,,,
2119,27-May-23,1,2,3,,,,,,,,,
2137,14-Oct-22,1,3,3,,,,,,,,,
2161,27-May-23,1,4,3,,,,,,,,,
2173,13-Feb-23,1,4,3,,,,,,,,,
2175,16-Mar-23,1,3,3,,,,,,,,,
2210,09-Jan-23,1,5,3,,,,,,,,,
2211,01-Feb-23,1,5,3,,,,,,,,,
2252,28-Sep-22,1,3,3,,,,,,,,,
2264,08-Nov-22,1,2,3,,,,,,,,,
2267,09-Mar-23,1,3,3,,,,,,,,,
2282,02-Nov-22,1,5,3,,,,,,,,,
2308,11-Mar-23,1,2,3,,,,,,,,,
2312,02-Apr-23,1,4,3,,,,,,,,,
2328,02-Sep-22,1,4,3,,,,,,,,,
2337,09-Jul-23,1,4,3,,,,,,,,,
2342,24-Jul-23,1,4,3,,,,,,,,,
2357,12-Nov-22,1,2,3,,,,,,,,,
2386,16-Dec-22,1,4,3,,,,,,,,,
2401,23-Dec-22,1,1,3,,,,,,,,,
2433,05-Aug-22,1,5,3,,,,,,,,,
2436,04-Nov-22,1,3,3,,,,,,,,,
2454,24-Sep-22,1,4,3,,,,,,,,,
2501,21-Jan-23,1,5,3,,,,,,,,,
2504,22-Oct-22,1,5,3,,,,,,,,,
2509,10-Mar-23,1,2,3,,,,,,,,,
2523,17-Feb-23,1,1,3,,,,,,,,,
2533,20-Aug-22,1,1,3,,,,,,,,,
2562,17-Apr-23,1,4,3,,,,,,,,,
2573,24-Apr-23,1,4,3,,,,,,,,,
2594,04-Dec-22,1,5,3,,,,,,,,,
2624,24-Jan-23,1,4,3,,,,,,,,,
2639,31-Jan-23,1,3,3,,,,,,,,,
2697,30-May-23,1,5,3,,,,,,,,,
2721,26-Mar-23,1,4,3,,,,,,,,,
2727,17-Jun-23,1,3,3,,,,,,,,,
2732,04-Nov-22,1,5,3,,,,,,,,,
2761,15-Feb-23,1,4,3,,,,,,,,,
2770,25-Feb-23,1,2,3,,,,,,,,,
2774,28-May-23,1,5,3,,,,,,,,,
2775,04-Aug-23,1,4,3,,,,,,,,,
2859,19-Aug-22,1,3,3,,,,,,,,,
2862,10-Mar-23,1,2,3,,,,,,,,,
2898,20-Nov-22,1,4,3,,,,,,,,,
2899,24-Oct-22,1,5,3,,,,,,,,,
2962,19-Dec-22,1,2,3,,,,,,,,,
2973,09-Dec-22,1,3,3,,,,,,,,,
3029,08-Feb-23,1,1,3,,,,,,,,,
3044,07-Jun-23,1,1,3,,,,,,,,,
3069,14-May-23,1,2,3,,,,,,,,,
3102,01-Jan-23,1,2,3,,,,,,,,,
3120,10-Apr-23,1,5,3,,,,,,,,,
3153,04-Nov-22,1,5,3,,,,,,,,,
3158,02-Feb-23,1,1,3,,,,,,,,,
3211,09-Oct-22,1,5,3,,,,,,,,,
3216,29-Mar-23,1,4,3,,,,,,,,,
3226,06-Oct-22,1,2,3,,,,,,,,,
3241,03-Jun-23,1,5,3,,,,,,,,,
3250,15-Nov-22,1,1,3,,,,,,,,,
3264,19-Jul-23,1,4,3,,,,,,,,,
3266,17-Jan-23,1,2,3,,,,,,,,,
3275,25-Jun-23,1,2,3,,,,,,,,,
3283,19-Oct-22,1,3,3,,,,,,,,,
3291,28-Jun-23,1,1,3,,,,,,,,,
3300,09-Feb-23,1,1,3,,,,,,,,,
3330,26-Apr-23,1,3,3,,,,,,,,,
3339,01-Aug-23,1,1,3,,,,,,,,,
3345,22-Feb-23,1,1,3,,,,,,,,,
3349,01-Dec-22,1,4,3,,,,,,,,,
3355,08-Jul-23,1,3,3,,,,,,,,,
3361,23-Mar-23,1,3,3,,,,,,,,,
3374,17-Mar-23,1,3,3,,,,,,,,,
3422,08-Jun-23,1,1,3,,,,,,,,,
3427,14-Jan-23,1,2,3,,,,,,,,,
3470,06-May-23,1,2,3,,,,,,,,,
3480,25-Jul-23,1,5,3,,,,,,,,,
3521,19-Sep-22,1,3,3,,,,,,,,,
3526,28-Jan-23,1,5,3,,,,,,,,,
3541,28-Nov-22,1,3,3,,,,,,,,,
3566,27-Jan-23,1,2,3,,,,,,,,,
3585,12-Jan-23,1,2,3,,,,,,,,,
3643,18-Jun-23,1,5,3,,,,,,,,,
3645,08-Jun-23,1,3,3,,,,,,,,,
3718,05-Oct-22,1,1,3,,,,,,,,,
3749,01-Apr-23,1,3,3,,,,,,,,,
3756,23-Nov-22,1,5,3,,,,,,,,,
3770,06-May-23,1,3,3,,,,,,,,,
3778,06-Feb-23,1,5,3,,,,,,,,,
3794,05-Dec-22,1,1,3,,,,,,,,,
3815,23-Feb-23,1,5,3,,,,,,,,,
3818,28-Jan-23,1,1,3,,,,,,,,,
3830,28-Dec-22,1,1,3,,,,,,,,,
3853,04-Feb-23,1,3,3,,,,,,,,,
3865,26-May-23,1,4,3,,,,,,,,,
3903,04-Feb-23,1,4,3,,,,,,,,,
3925,27-Apr-23,1,3,3,,,,,,,,,
3975,27-Nov-22,1,4,3,,,,,,,,,
1054,05-Jul-23,1,5,2,,,,,,,,,
1071,15-May-23,1,2,2,,,,,,,,,
1087,03-May-23,1,5,2,,,,,,,,,
1096,17-Dec-22,1,3,2,,,,,,,,,
1104,21-Dec-22,1,4,2,,,,,,,,,
1154,09-Jun-23,1,3,2,,,,,,,,,
1156,12-May-23,1,5,2,,,,,,,,,
1157,06-Jun-23,1,4,2,,,,,,,,,
1169,03-Aug-23,1,3,2,,,,,,,,,
1172,19-Jun-23,1,3,2,,,,,,,,,
1202,14-Aug-22,1,3,2,,,,,,,,,
1227,12-Dec-22,1,2,2,,,,,,,,,
1273,26-Feb-23,1,4,2,,,,,,,,,
1299,02-Jul-23,1,2,2,,,,,,,,,
1301,21-Jan-23,1,4,2,,,,,,,,,
1322,17-Jan-23,1,5,2,,,,,,,,,
1339,02-Dec-22,1,3,2,,,,,,,,,
1361,30-Mar-23,1,3,2,,,,,,,,,
1366,17-Aug-22,1,4,2,,,,,,,,,
1371,19-May-23,1,1,2,,,,,,,,,
1375,28-Sep-22,1,3,2,,,,,,,,,
1380,27-Dec-22,1,1,2,,,,,,,,,
1394,07-Jul-23,1,2,2,,,,,,,,,
1403,25-Dec-22,1,3,2,,,,,,,,,
1404,18-Feb-23,1,2,2,,,,,,,,,
1422,10-Apr-23,1,5,2,,,,,,,,,
1436,09-Jul-23,1,2,2,,,,,,,,,
1461,09-Apr-23,1,1,2,,,,,,,,,
1514,08-May-23,1,3,2,,,,,,,,,
1533,27-Jun-23,1,3,2,,,,,,,,,
1611,21-May-23,1,2,2,,,,,,,,,
1614,10-Apr-23,1,4,2,,,,,,,,,
1623,18-Dec-22,1,2,2,,,,,,,,,
1685,18-Jan-23,1,4,2,,,,,,,,,
1697,15-Oct-22,1,5,2,,,,,,,,,
1728,01-Aug-23,1,4,2,,,,,,,,,
1729,15-Feb-23,1,1,2,,,,,,,,,
1766,23-May-23,1,5,2,,,,,,,,,
1774,09-Dec-22,1,1,2,,,,,,,,,
1793,04-Sep-22,1,1,2,,,,,,,,,
1867,08-May-23,1,5,2,,,,,,,,,
1882,07-Jul-23,1,4,2,,,,,,,,,
1890,12-May-23,1,3,2,,,,,,,,,
1968,27-Dec-22,1,4,2,,,,,,,,,
1986,17-Sep-22,1,4,2,,,,,,,,,
2002,11-Mar-23,1,4,2,,,,,,,,,
2008,17-Mar-23,1,2,2,,,,,,,,,
2073,12-Feb-23,1,2,2,,,,,,,,,
2110,13-Nov-22,1,4,2,,,,,,,,,
2116,11-May-23,1,4,2,,,,,,,,,
2138,22-Aug-22,1,5,2,,,,,,,,,
2148,12-Jun-23,1,1,2,,,,,,,,,
2154,18-May-23,1,3,2,,,,,,,,,
2170,30-Jan-23,1,5,2,,,,,,,,,
2171,16-Mar-23,1,3,2,,,,,,,,,
2182,12-Apr-23,1,1,2,,,,,,,,,
2213,05-May-23,1,4,2,,,,,,,,,
2225,21-Aug-22,1,2,2,,,,,,,,,
2231,04-Jan-23,1,2,2,,,,,,,,,
2281,24-Sep-22,1,4,2,,,,,,,,,
2341,14-Oct-22,1,5,2,,,,,,,,,
2389,06-Jun-23,1,4,2,,,,,,,,,
2399,29-Nov-22,1,4,2,,,,,,,,,
2432,30-Jul-23,1,1,2,,,,,,,,,
2435,29-Jan-23,1,3,2,,,,,,,,,
2484,01-Jun-23,1,2,2,,,,,,,,,
2489,22-Sep-22,1,3,2,,,,,,,,,
2512,02-Sep-22,1,4,2,,,,,,,,,
2572,19-Oct-22,1,1,2,,,,,,,,,
2599,31-Mar-23,1,4,2,,,,,,,,,
2604,23-Jan-23,1,1,2,,,,,,,,,
2626,23-Oct-22,1,4,2,,,,,,,,,
2632,07-Jul-23,1,4,2,,,,,,,,,
2638,28-Apr-23,1,2,2,,,,,,,,,
2640,17-Jul-23,1,5,2,,,,,,,,,
2651,31-May-23,1,3,2,,,,,,,,,
2652,11-Nov-22,1,4,2,,,,,,,,,
2682,02-Nov-22,1,2,2,,,,,,,,,
2690,29-Oct-22,1,3,2,,,,,,,,,
2709,28-Aug-22,1,2,2,,,,,,,,,
2717,25-Jul-23,1,1,2,,,,,,,,,
2745,13-Jan-23,1,2,2,,,,,,,,,
2781,12-Feb-23,1,2,2,,,,,,,,,
2789,03-Dec-22,1,2,2,,,,,,,,,
2790,03-Jan-23,1,5,2,,,,,,,,,
2800,20-Jun-23,1,2,2,,,,,,,,,
2830,09-Dec-22,1,2,2,,,,,,,,,
2847,01-Dec-22,1,2,2,,,,,,,,,
2879,07-Jan-23,1,5,2,,,,,,,,,
2880,13-Jan-23,1,1,2,,,,,,,,,
2930,19-Jun-23,1,4,2,,,,,,,,,
2959,05-Jul-23,1,5,2,,,,,,,,,
2963,02-Oct-22,1,3,2,,,,,,,,,
2992,07-Dec-22,1,4,2,,,,,,,,,
2995,19-Jan-23,1,5,2,,,,,,,,,
3032,06-Jul-23,1,3,2,,,,,,,,,
3034,11-Oct-22,1,4,2,,,,,,,,,
3036,25-Feb-23,1,4,2,,,,,,,,,
3071,19-Sep-22,1,4,2,,,,,,,,,
3074,23-Oct-22,1,3,2,,,,,,,,,
3096,05-May-23,1,3,2,,,,,,,,,
3100,25-Apr-23,1,5,2,,,,,,,,,
3159,23-Apr-23,1,1,2,,,,,,,,,
3170,28-Nov-22,1,3,2,,,,,,,,,
3191,24-Feb-23,1,2,2,,,,,,,,,
3263,18-Jun-23,1,3,2,,,,,,,,,
3267,14-Jun-23,1,5,2,,,,,,,,,
3269,30-Nov-22,1,5,2,,,,,,,,,
3288,31-Mar-23,1,5,2,,,,,,,,,
3290,14-Jul-23,1,1,2,,,,,,,,,
3308,05-Jan-23,1,3,2,,,,,,,,,
3313,31-May-23,1,2,2,,,,,,,,,
3334,18-Aug-22,1,4,2,,,,,,,,,
3358,27-Sep-22,1,1,2,,,,,,,,,
3364,18-Mar-23,1,5,2,,,,,,,,,
3381,03-Oct-22,1,5,2,,,,,,,,,
3426,24-Aug-22,1,3,2,,,,,,,,,
3433,25-Mar-23,1,5,2,,,,,,,,,
3434,21-Apr-23,1,4,2,,,,,,,,,
3496,26-Dec-22,1,3,2,,,,,,,,,
3527,27-Feb-23,1,3,2,,,,,,,,,
3578,14-Oct-22,1,4,2,,,,,,,,,
3587,24-May-23,1,2,2,,,,,,,,,
3601,01-Sep-22,1,1,2,,,,,,,,,
3613,13-Oct-22,1,5,2,,,,,,,,,
3619,30-Apr-23,1,5,2,,,,,,,,,
3620,29-Aug-22,1,2,2,,,,,,,,,
3649,08-Sep-22,1,2,2,,,,,,,,,
3652,01-Sep-22,1,5,2,,,,,,,,,
3667,18-Nov-22,1,1,2,,,,,,,,,
3753,23-Feb-23,1,3,2,,,,,,,,,
3765,02-Jan-23,1,1,2,,,,,,,,,
3773,16-Oct-22,1,5,2,,,,,,,,,
3796,28-Jun-23,1,5,2,,,,,,,,,
3838,05-Dec-22,1,1,2,,,,,,,,,
3857,18-Sep-22,1,1,2,,,,,,,,,
3869,07-Jan-23,1,4,2,,,,,,,,,
3879,22-Dec-22,1,5,2,,,,,,,,,
3909,18-May-23,1,1,2,,,,,,,,,
1045,08-Aug-22,1,4,1,,,,,,,,,
1076,11-Apr-23,1,3,1,,,,,,,,,
1082,27-Feb-23,1,4,1,,,,,,,,,
1092,08-Mar-23,1,4,1,,,,,,,,,
1095,17-Mar-23,1,2,1,,,,,,,,,
1105,15-Feb-23,1,4,1,,,,,,,,,
1129,31-Oct-22,1,1,1,,,,,,,,,
1184,03-Oct-22,1,3,1,,,,,,,,,
1209,28-May-23,1,3,1,,,,,,,,,
1236,25-Jul-23,1,4,1,,,,,,,,,
1266,29-Mar-23,1,3,1,,,,,,,,,
1286,13-Apr-23,1,5,1,,,,,,,,,
1298,06-Dec-22,1,2,1,,,,,,,,,
1300,07-Oct-22,1,3,1,,,,,,,,,
1307,18-Nov-22,1,5,1,,,,,,,,,
1334,21-Dec-22,1,3,1,,,,,,,,,
1338,20-Oct-22,1,1,1,,,,,,,,,
1356,14-Aug-22,1,1,1,,,,,,,,,
1370,19-Jul-23,1,2,1,,,,,,,,,
1398,07-Apr-23,1,1,1,,,,,,,,,
1438,21-Jan-23,1,4,1,,,,,,,,,
1453,12-Sep-22,1,5,1,,,,,,,,,
1470,21-Mar-23,1,4,1,,,,,,,,,
1476,21-Dec-22,1,4,1,,,,,,,,,
1482,23-Apr-23,1,1,1,,,,,,,,,
1485,14-Dec-22,1,2,1,,,,,,,,,
1507,19-Jan-23,1,2,1,,,,,,,,,
1519,25-Feb-23,1,3,1,,,,,,,,,
1541,26-Dec-22,1,4,1,,,,,,,,,
1566,25-Jul-23,1,4,1,,,,,,,,,
1569,08-Mar-23,1,3,1,,,,,,,,,
1579,15-Apr-23,1,3,1,,,,,,,,,
1593,02-Oct-22,1,4,1,,,,,,,,,
1604,28-Jan-23,1,5,1,,,,,,,,,
1639,12-Oct-22,1,2,1,,,,,,,,,
1657,29-Jul-23,1,5,1,,,,,,,,,
1731,23-Jun-23,1,4,1,,,,,,,,,
1777,02-Feb-23,1,3,1,,,,,,,,,
1803,19-Jan-23,1,3,1,,,,,,,,,
1821,03-Nov-22,1,2,1,,,,,,,,,
1830,12-Jul-23,1,4,1,,,,,,,,,
1857,21-Aug-22,1,4,1,,,,,,,,,
1888,23-Jul-23,1,5,1,,,,,,,,,
1910,05-Nov-22,1,4,1,,,,,,,,,
1944,12-Dec-22,1,4,1,,,,,,,,,
1976,25-Apr-23,1,5,1,,,,,,,,,
2031,09-Feb-23,1,3,1,,,,,,,,,
2066,08-Oct-22,1,5,1,,,,,,,,,
2100,09-Jan-23,1,1,1,,,,,,,,,
2128,01-Apr-23,1,3,1,,,,,,,,,
2131,28-Dec-22,1,2,1,,,,,,,,,
2159,20-Sep-22,1,1,1,,,,,,,,,
2179,16-Jun-23,1,3,1,,,,,,,,,
2194,02-Oct-22,1,4,1,,,,,,,,,
2195,30-Nov-22,1,5,1,,,,,,,,,
2203,29-Aug-22,1,4,1,,,,,,,,,
2221,28-Apr-23,1,5,1,,,,,,,,,
2332,02-Nov-22,1,1,1,,,,,,,,,
2365,07-Sep-22,1,1,1,,,,,,,,,
2374,16-Jan-23,1,2,1,,,,,,,,,
2377,31-Dec-22,1,2,1,,,,,,,,,
2475,18-May-23,1,4,1,,,,,,,,,
2493,23-Jan-23,1,3,1,,,,,,,,,
2494,06-Nov-22,1,1,1,,,,,,,,,
2503,06-Dec-22,1,1,1,,,,,,,,,
2508,01-Jul-23,1,4,1,,,,,,,,,
2515,28-Mar-23,1,1,1,,,,,,,,,
2526,22-Oct-22,1,1,1,,,,,,,,,
2557,04-Sep-22,1,3,1,,,,,,,,,
2606,23-Dec-22,1,5,1,,,,,,,,,
2619,21-Mar-23,1,2,1,,,,,,,,,
2650,24-Mar-23,1,1,1,,,,,,,,,
2707,28-Jan-23,1,2,1,,,,,,,,,
2754,14-Feb-23,1,5,1,,,,,,,,,
2756,30-Oct-22,1,3,1,,,,,,,,,
2758,15-Feb-23,1,3,1,,,,,,,,,
2791,19-Jan-23,1,3,1,,,,,,,,,
2806,14-Apr-23,1,3,1,,,,,,,,,
2824,09-Sep-22,1,4,1,,,,,,,,,
2900,29-Oct-22,1,4,1,,,,,,,,,
2925,30-Jul-23,1,3,1,,,,,,,,,
2926,10-Sep-22,1,1,1,,,,,,,,,
3063,06-Oct-22,1,5,1,,,,,,,,,
3108,15-Jul-23,1,4,1,,,,,,,,,
3109,06-Oct-22,1,2,1,,,,,,,,,
3110,30-Dec-22,1,2,1,,,,,,,,,
3133,21-Sep-22,1,5,1,,,,,,,,,
3135,24-Oct-22,1,2,1,,,,,,,,,
3140,07-May-23,1,1,1,,,,,,,,,
3143,31-Jul-23,1,4,1,,,,,,,,,
3145,13-Jun-23,1,2,1,,,,,,,,,
3152,28-Apr-23,1,3,1,,,,,,,,,
3198,04-Jan-23,1,3,1,,,,,,,,,
3217,01-Nov-22,1,2,1,,,,,,,,,
3252,05-Aug-23,1,3,1,,,,,,,,,
3253,28-Mar-23,1,3,1,,,,,,,,,
3255,17-Feb-23,1,4,1,,,,,,,,,
3271,12-Mar-23,1,5,1,,,,,,,,,
3295,11-Aug-22,1,2,1,,,,,,,,,
3303,08-Mar-23,1,2,1,,,,,,,,,
3314,30-Jan-23,1,4,1,,,,,,,,,
3354,02-Sep-22,1,4,1,,,,,,,,,
3362,19-Mar-23,1,5,1,,,,,,,,,
3372,13-Jul-23,1,3,1,,,,,,,,,
3416,26-Aug-22,1,2,1,,,,,,,,,
3429,27-May-23,1,2,1,,,,,,,,,
3477,05-Dec-22,1,2,1,,,,,,,,,
3488,11-Mar-23,1,5,1,,,,,,,,,
3494,15-Dec-22,1,2,1,,,,,,,,,
3525,01-Feb-23,1,2,1,,,,,,,,,
3535,01-Nov-22,1,5,1,,,,,,,,,
3549,19-Apr-23,1,4,1,,,,,,,,,
3594,23-Jan-23,1,5,1,,,,,,,,,
3608,12-Jan-23,1,3,1,,,,,,,,,
3616,04-Aug-23,1,1,1,,,,,,,,,
3651,25-Oct-22,1,4,1,,,,,,,,,
3655,05-Apr-23,1,5,1,,,,,,,,,
3668,29-Jun-23,1,5,1,,,,,,,,,
3719,27-Nov-22,1,2,1,,,,,,,,,
3726,01-Oct-22,1,4,1,,,,,,,,,
3782,19-Jul-23,1,5,1,,,,,,,,,
3787,06-Mar-23,1,2,1,,,,,,,,,
3798,08-Nov-22,1,1,1,,,,,,,,,
3811,18-May-23,1,1,1,,,,,,,,,
3870,13-Feb-23,1,5,1,,,,,,,,,
3916,22-Mar-23,1,3,1,,,,,,,,,
3937,21-Nov-22,1,3,1,,,,,,,,,
3938,16-Dec-22,1,1,1,,,,,,,,,
3952,13-Dec-22,1,4,1,,,,,,,,,
3982,09-Oct-22,1,1,1,,,,,,,,,
1019,21-Jun-23,1,3,5,,,,,,,,,
1035,19-Jul-23,1,5,5,,,,,,,,,
1086,14-Mar-23,1,1,5,,,,,,,,,
1097,31-Oct-22,1,2,5,,,,,,,,,
1099,04-Aug-23,1,5,5,,,,,,,,,
1100,10-Sep-22,1,4,5,,,,,,,,,
1132,15-Jul-23,1,5,5,,,,,,,,,
1147,19-Mar-23,1,3,5,,,,,,,,,
1152,14-Dec-22,1,1,5,,,,,,,,,
1276,01-Jun-23,1,4,5,,,,,,,,,
1296,07-Feb-23,1,1,5,,,,,,,,,
1306,12-Nov-22,1,3,5,,,,,,,,,
1321,30-Apr-23,1,5,5,,,,,,,,,
1332,13-Apr-23,1,2,5,,,,,,,,,
1344,23-Aug-22,1,4,5,,,,,,,,,
1358,25-Feb-23,1,2,5,,,,,,,,,
1373,12-Jun-23,1,2,5,,,,,,,,,
1378,03-Feb-23,1,4,5,,,,,,,,,
1441,07-Apr-23,1,1,5,,,,,,,,,
1446,15-Jun-23,1,1,5,,,,,,,,,
1466,05-Dec-22,1,4,5,,,,,,,,,
1534,12-Aug-22,1,1,5,,,,,,,,,
1570,07-Aug-22,1,4,5,,,,,,,,,
1580,23-Apr-23,1,1,5,,,,,,,,,
1581,11-Dec-22,1,3,5,,,,,,,,,
1588,21-Jul-23,1,5,5,,,,,,,,,
1622,29-Apr-23,1,5,5,,,,,,,,,
1656,30-Sep-22,1,4,5,,,,,,,,,
1667,24-Oct-22,1,3,5,,,,,,,,,
1674,04-Oct-22,1,5,5,,,,,,,,,
1688,12-Nov-22,1,4,5,,,,,,,,,
1749,05-Aug-22,1,4,5,,,,,,,,,
1750,13-Nov-22,1,2,5,,,,,,,,,
1770,24-Feb-23,1,3,5,,,,,,,,,
1806,05-Aug-22,1,2,5,,,,,,,,,
1815,23-Oct-22,1,4,5,,,,,,,,,
1827,25-Sep-22,1,3,5,,,,,,,,,
1845,18-Jun-23,1,2,5,,,,,,,,,
1854,29-Jul-23,1,2,5,,,,,,,,,
1872,17-Apr-23,1,2,5,,,,,,,,,
1906,28-Dec-22,1,4,5,,,,,,,,,
1954,16-Mar-23,1,1,5,,,,,,,,,
1979,17-Jul-23,1,4,5,,,,,,,,,
1988,10-Feb-23,1,3,5,,,,,,,,,
2016,31-May-23,1,3,5,,,,,,,,,
2040,23-Apr-23,1,2,5,,,,,,,,,
2041,19-Jun-23,1,1,5,,,,,,,,,
2064,13-Mar-23,1,3,5,,,,,,,,,
2099,26-Mar-23,1,4,5,,,,,,,,,
2103,16-Feb-23,1,4,5,,,,,,,,,
2160,20-Jan-23,1,1,5,,,,,,,,,
2174,25-Dec-22,1,1,5,,,,,,,,,
2214,26-Feb-23,1,1,5,,,,,,,,,
2215,24-Apr-23,1,5,5,,,,,,,,,
2230,09-Jun-23,1,5,5,,,,,,,,,
2243,26-Jun-23,1,3,5,,,,,,,,,
2248,24-May-23,1,5,5,,,,,,,,,
2259,09-Jan-23,1,2,5,,,,,,,,,
2335,24-Mar-23,1,5,5,,,,,,,,,
2350,24-Aug-22,1,4,5,,,,,,,,,
2387,06-Jan-23,1,2,5,,,,,,,,,
2414,05-Sep-22,1,1,5,,,,,,,,,
2415,08-Feb-23,1,2,5,,,,,,,,,
2421,03-Apr-23,1,3,5,,,,,,,,,
2444,05-Aug-23,1,1,5,,,,,,,,,
2446,09-Jun-23,1,2,5,,,,,,,,,
2486,31-Dec-22,1,1,5,,,,,,,,,
2500,01-Jul-23,1,3,5,,,,,,,,,
2608,07-Aug-22,1,4,5,,,,,,,,,
2665,05-Oct-22,1,5,5,,,,,,,,,
2671,12-Feb-23,1,2,5,,,,,,,,,
2699,07-Dec-22,1,1,5,,,,,,,,,
2708,15-Jan-23,1,3,5,,,,,,,,,
2739,26-Jun-23,1,2,5,,,,,,,,,
2809,13-Feb-23,1,1,5,,,,,,,,,
2839,23-Oct-22,1,4,5,,,,,,,,,
2858,12-Jul-23,1,2,5,,,,,,,,,
2885,20-Jan-23,1,5,5,,,,,,,,,
2895,31-May-23,1,2,5,,,,,,,,,
2901,20-May-23,1,4,5,,,,,,,,,
2907,15-Mar-23,1,4,5,,,,,,,,,
2917,17-Jan-23,1,4,5,,,,,,,,,
2980,06-Feb-23,1,3,5,,,,,,,,,
2997,30-Nov-22,1,2,5,,,,,,,,,
3010,19-Nov-22,1,5,5,,,,,,,,,
3057,06-Feb-23,1,2,5,,,,,,,,,
3078,28-Jan-23,1,1,5,,,,,,,,,
3115,29-Jun-23,1,3,5,,,,,,,,,
3122,03-Apr-23,1,1,5,,,,,,,,,
3154,03-Jun-23,1,3,5,,,,,,,,,
3165,17-Jun-23,1,5,5,,,,,,,,,
3174,02-Jan-23,1,5,5,,,,,,,,,
3193,05-Aug-23,1,1,5,,,,,,,,,
3201,27-Dec-22,1,4,5,,,,,,,,,
3221,01-Apr-23,1,3,5,,,,,,,,,
3257,09-Oct-22,1,3,5,,,,,,,,,
3296,13-Oct-22,1,4,5,,,,,,,,,
3317,11-Mar-23,1,5,5,,,,,,,,,
3331,26-Aug-22,1,5,5,,,,,,,,,
3394,06-Apr-23,1,5,5,,,,,,,,,
3407,09-May-23,1,3,5,,,,,,,,,
3413,22-Dec-22,1,2,5,,,,,,,,,
3439,30-Oct-22,1,2,5,,,,,,,,,
3440,24-Sep-22,1,4,5,,,,,,,,,
3483,23-Oct-22,1,4,5,,,,,,,,,
3492,13-Jan-23,1,5,5,,,,,,,,,
3530,27-Nov-22,1,2,5,,,,,,,,,
3569,24-Dec-22,1,3,5,,,,,,,,,
3691,07-Dec-22,1,1,5,,,,,,,,,
3722,01-Jun-23,1,5,5,,,,,,,,,
3724,04-Feb-23,1,2,5,,,,,,,,,
3727,11-Oct-22,1,2,5,,,,,,,,,
3733,05-Aug-23,1,3,5,,,,,,,,,
3803,07-Dec-22,1,2,5,,,,,,,,,
3816,26-Dec-22,1,1,5,,,,,,,,,
3832,03-Nov-22,1,4,5,,,,,,,,,
3850,15-Oct-22,1,3,5,,,,,,,,,
3859,02-Aug-23,1,2,5,,,,,,,,,
3901,10-Jul-23,1,2,5,,,,,,,,,
1022,12-Feb-23,1,4,4,,,,,,,,,
1042,17-Feb-23,1,3,4,,,,,,,,,
1052,19-Nov-22,1,4,4,,,,,,,,,
1084,19-Feb-23,1,2,4,,,,,,,,,
1110,23-Feb-23,1,1,4,,,,,,,,,
1121,21-Jan-23,1,1,4,,,,,,,,,
1130,07-May-23,1,5,4,,,,,,,,,
1133,15-Jun-23,1,2,4,,,,,,,,,
1159,18-Feb-23,1,2,4,,,,,,,,,
1170,05-Feb-23,1,5,4,,,,,,,,,
1185,13-Aug-22,1,2,4,,,,,,,,,
1213,28-Sep-22,1,2,4,,,,,,,,,
1225,05-Nov-22,1,2,4,,,,,,,,,
1259,17-Oct-22,1,3,4,,,,,,,,,
1269,19-Sep-22,1,2,4,,,,,,,,,
1302,04-Jun-23,1,2,4,,,,,,,,,
1341,15-May-23,1,3,4,,,,,,,,,
1399,07-Mar-23,1,4,4,,,,,,,,,
1414,13-Aug-22,1,4,4,,,,,,,,,
1420,12-Jun-23,1,2,4,,,,,,,,,
1500,24-Jul-23,1,4,4,,,,,,,,,
1548,14-Jun-23,1,4,4,,,,,,,,,
1560,23-Jan-23,1,2,4,,,,,,,,,
1592,06-Jun-23,1,1,4,,,,,,,,,
1594,08-Dec-22,1,1,4,,,,,,,,,
1629,23-Sep-22,1,2,4,,,,,,,,,
1652,09-Jun-23,1,4,4,,,,,,,,,
1672,08-Oct-22,1,3,4,,,,,,,,,
1703,16-Feb-23,1,1,4,,,,,,,,,
1732,24-Oct-22,1,5,4,,,,,,,,,
1747,28-Mar-23,1,4,4,,,,,,,,,
1807,03-Feb-23,1,4,4,,,,,,,,,
1832,06-Aug-22,1,2,4,,,,,,,,,
1842,07-Dec-22,1,4,4,,,,,,,,,
1843,31-Jul-23,1,5,4,,,,,,,,,
1851,01-Mar-23,1,1,4,,,,,,,,,
1861,22-Sep-22,1,2,4,,,,,,,,,
1865,12-Jan-23,1,3,4,,,,,,,,,
1885,14-Sep-22,1,2,4,,,,,,,,,
1945,10-Feb-23,1,3,4,,,,,,,,,
1956,23-Jan-23,1,5,4,,,,,,,,,
2021,28-Aug-22,1,3,4,,,,,,,,,
2025,02-May-23,1,2,4,,,,,,,,,
2052,06-Jul-23,1,4,4,,,,,,,,,
2081,21-Feb-23,1,1,4,,,,,,,,,
2108,10-Apr-23,1,2,4,,,,,,,,,
2139,05-May-23,1,4,4,,,,,,,,,
2155,13-Mar-23,1,2,4,,,,,,,,,
2189,19-Aug-22,1,2,4,,,,,,,,,
2223,23-May-23,1,1,4,,,,,,,,,
2234,23-Aug-22,1,1,4,,,,,,,,,
2239,31-Dec-22,1,3,4,,,,,,,,,
2255,12-May-23,1,4,4,,,,,,,,,
2284,11-Oct-22,1,4,4,,,,,,,,,
2324,24-Jun-23,1,2,4,,,,,,,,,
2343,22-Nov-22,1,3,4,,,,,,,,,
2355,15-Nov-22,1,1,4,,,,,,,,,
2370,03-Oct-22,1,2,4,,,,,,,,,
2390,18-Oct-22,1,5,4,,,,,,,,,
2395,23-Feb-23,1,1,4,,,,,,,,,
2406,24-Feb-23,1,4,4,,,,,,,,,
2467,14-Aug-22,1,1,4,,,,,,,,,
2487,06-May-23,1,1,4,,,,,,,,,
2532,26-Mar-23,1,1,4,,,,,,,,,
2564,11-Dec-22,1,4,4,,,,,,,,,
2580,28-Oct-22,1,2,4,,,,,,,,,
2590,28-Aug-22,1,1,4,,,,,,,,,
2629,24-Oct-22,1,5,4,,,,,,,,,
2630,04-Sep-22,1,5,4,,,,,,,,,
2674,06-Nov-22,1,1,4,,,,,,,,,
2680,31-Aug-22,1,4,4,,,,,,,,,
2703,27-May-23,1,5,4,,,,,,,,,
2778,19-Feb-23,1,1,4,,,,,,,,,
2801,20-Sep-22,1,3,4,,,,,,,,,
2846,05-Apr-23,1,1,4,,,,,,,,,
2854,05-Mar-23,1,3,4,,,,,,,,,
2864,16-Nov-22,1,3,4,,,,,,,,,
2894,20-Jan-23,1,4,4,,,,,,,,,
2929,28-Jan-23,1,3,4,,,,,,,,,
2937,09-Dec-22,1,4,4,,,,,,,,,
2957,21-Feb-23,1,3,4,,,,,,,,,
2958,16-May-23,1,2,4,,,,,,,,,
2968,23-May-23,1,5,4,,,,,,,,,
3009,27-Oct-22,1,2,4,,,,,,,,,
3018,13-Sep-22,1,1,4,,,,,,,,,
3050,26-Sep-22,1,3,4,,,,,,,,,
3070,15-Apr-23,1,5,4,,,,,,,,,
3137,23-Mar-23,1,2,4,,,,,,,,,
3161,15-Jul-23,1,5,4,,,,,,,,,
3183,06-May-23,1,1,4,,,,,,,,,
3199,31-Aug-22,1,4,4,,,,,,,,,
3234,09-Apr-23,1,3,4,,,,,,,,,
3246,03-May-23,1,1,4,,,,,,,,,
3268,30-Jun-23,1,5,4,,,,,,,,,
3278,14-Oct-22,1,4,4,,,,,,,,,
3320,10-Jan-23,1,4,4,,,,,,,,,
3365,25-Jul-23,1,1,4,,,,,,,,,
3387,19-Apr-23,1,3,4,,,,,,,,,
3402,23-Apr-23,1,4,4,,,,,,,,,
3444,14-Dec-22,1,2,4,,,,,,,,,
3461,24-Apr-23,1,4,4,,,,,,,,,
3466,04-Aug-23,1,3,4,,,,,,,,,
3484,16-Sep-22,1,2,4,,,,,,,,,
3508,17-Apr-23,1,5,4,,,,,,,,,
3519,10-Jun-23,1,3,4,,,,,,,,,
3522,14-Jul-23,1,5,4,,,,,,,,,
3536,09-Oct-22,1,2,4,,,,,,,,,
3538,20-Apr-23,1,5,4,,,,,,,,,
3627,29-Jan-23,1,1,4,,,,,,,,,
3635,07-Oct-22,1,5,4,,,,,,,,,
3695,28-Aug-22,1,1,4,,,,,,,,,
3715,20-May-23,1,1,4,,,,,,,,,
3739,23-May-23,1,3,4,,,,,,,,,
3751,05-Apr-23,1,1,4,,,,,,,,,
3820,26-Jul-23,1,3,4,,,,,,,,,
3840,03-Feb-23,1,5,4,,,,,,,,,
3912,23-Jul-23,1,3,4,,,,,,,,,
3946,23-Jul-23,1,3,4,,,,,,,,,
3977,06-Jan-23,1,5,4,,,,,,,,,
3981,31-Oct-22,1,2,4,,,,,,,,,
1072,18-Feb-23,2,2,3,,,,,,,,,
1079,08-Oct-22,2,2,1,,,,,,,,,
1098,28-Dec-22,2,2,2,,,,,,,,,
1168,28-Aug-22,2,2,2,,,,,,,,,
1176,17-Oct-22,2,2,5,,,,,,,,,
1177,12-Aug-22,2,2,5,,,,,,,,,
1219,17-Jul-23,2,2,2,,,,,,,,,
1231,13-Mar-23,2,2,1,,,,,,,,,
1348,01-Nov-22,2,2,4,,,,,,,,,
1355,28-Jan-23,2,2,3,,,,,,,,,
1364,03-May-23,2,2,4,,,,,,,,,
1368,04-Oct-22,2,2,2,,,,,,,,,
1381,10-Jul-23,2,2,1,,,,,,,,,
1409,17-May-23,2,2,1,,,,,,,,,
1410,02-Apr-23,2,2,4,,,,,,,,,
1415,16-Sep-22,2,2,1,,,,,,,,,
1430,15-Sep-22,2,2,2,,,,,,,,,
1445,17-Nov-22,2,2,4,,,,,,,,,
1454,28-Jul-23,2,2,1,,,,,,,,,
1455,04-Jul-23,2,2,4,,,,,,,,,
1458,06-Feb-23,2,2,4,,,,,,,,,
1488,14-Mar-23,2,2,4,,,,,,,,,
1493,06-Dec-22,2,2,4,,,,,,,,,
1503,24-Oct-22,2,2,4,,,,,,,,,
1520,05-Apr-23,2,2,5,,,,,,,,,
1646,20-Jan-23,2,2,1,,,,,,,,,
1670,11-Aug-22,2,2,2,,,,,,,,,
1692,25-Jun-23,2,2,1,,,,,,,,,
1715,16-Apr-23,2,2,5,,,,,,,,,
1722,16-Mar-23,2,2,4,,,,,,,,,
1781,27-Sep-22,2,2,4,,,,,,,,,
1831,25-Mar-23,2,2,2,,,,,,,,,
1900,02-Jul-23,2,2,5,,,,,,,,,
1972,15-Mar-23,2,2,3,,,,,,,,,
2046,03-Mar-23,2,2,4,,,,,,,,,
2083,26-Jun-23,2,2,4,,,,,,,,,
2127,01-Aug-23,2,2,3,,,,,,,,,
2135,02-Aug-23,2,2,4,,,,,,,,,
2136,18-Feb-23,2,2,2,,,,,,,,,
2166,16-Jan-23,2,2,1,,,,,,,,,
2191,11-Apr-23,2,2,3,,,,,,,,,
2193,10-Jul-23,2,2,3,,,,,,,,,
2209,01-Apr-23,2,2,5,,,,,,,,,
2317,07-Feb-23,2,2,1,,,,,,,,,
2384,03-Sep-22,2,2,2,,,,,,,,,
2419,22-Dec-22,2,2,1,,,,,,,,,
2425,28-Mar-23,2,2,2,,,,,,,,,
2427,14-Apr-23,2,2,1,,,,,,,,,
2448,14-Apr-23,2,2,5,,,,,,,,,
2490,25-Jan-23,2,2,4,,,,,,,,,
2510,10-Sep-22,2,2,2,,,,,,,,,
2534,15-Oct-22,2,2,5,,,,,,,,,
2553,16-Oct-22,2,2,2,,,,,,,,,
2563,24-Sep-22,2,2,4,,,,,,,,,
2612,26-Mar-23,2,2,5,,,,,,,,,
2637,27-Jun-23,2,2,2,,,,,,,,,
2734,14-May-23,2,2,3,,,,,,,,,
2841,10-Oct-22,2,2,2,,,,,,,,,
2863,13-Mar-23,2,2,1,,,,,,,,,
2865,23-Oct-22,2,2,3,,,,,,,,,
2889,10-Jun-23,2,2,1,,,,,,,,,
2949,02-Feb-23,2,2,2,,,,,,,,,
2961,12-Feb-23,2,2,4,,,,,,,,,
2990,21-May-23,2,2,3,,,,,,,,,
3000,17-Jul-23,2,2,5,,,,,,,,,
3022,05-Feb-23,2,2,3,,,,,,,,,
3030,05-Dec-22,2,2,5,,,,,,,,,
3048,04-Feb-23,2,2,3,,,,,,,,,
3064,02-Dec-22,2,2,5,,,,,,,,,
3091,10-Feb-23,2,2,4,,,,,,,,,
3114,24-Aug-22,2,2,2,,,,,,,,,
3132,19-Jun-23,2,2,1,,,,,,,,,
3147,24-Jul-23,2,2,5,,,,,,,,,
3218,13-Jan-23,2,2,5,,,,,,,,,
3261,07-Jun-23,2,2,1,,,,,,,,,
3276,20-Mar-23,2,2,4,,,,,,,,,
3301,10-Nov-22,2,2,2,,,,,,,,,
3408,02-Jun-23,2,2,4,,,,,,,,,
3443,29-Apr-23,2,2,4,,,,,,,,,
3506,27-Jun-23,2,2,3,,,,,,,,,
3532,08-Oct-22,2,2,5,,,,,,,,,
3540,25-Jun-23,2,2,3,,,,,,,,,
3556,11-Jun-23,2,2,3,,,,,,,,,
3582,17-Sep-22,2,2,5,,,,,,,,,
3584,28-May-23,2,2,5,,,,,,,,,
3609,05-Nov-22,2,2,4,,,,,,,,,
3623,04-Dec-22,2,2,5,,,,,,,,,
3624,09-Jan-23,2,2,2,,,,,,,,,
3670,16-Aug-22,2,2,3,,,,,,,,,
3740,23-Jun-23,2,2,4,,,,,,,,,
3771,25-Sep-22,2,2,4,,,,,,,,,
3792,25-Sep-22,2,2,2,,,,,,,,,
3883,13-Mar-23,2,2,1,,,,,,,,,
3913,15-Sep-22,2,2,5,,,,,,,,,
3990,27-Aug-22,2,2,1,,,,,,,,,
1016,09-Dec-22,2,3,2,,,,,,,,,
1027,05-Apr-23,2,3,5,,,,,,,,,
1106,31-Jan-23,2,3,3,,,,,,,,,
1123,10-Jun-23,2,3,1,,,,,,,,,
1155,25-Aug-22,2,3,1,,,,,,,,,
1167,22-May-23,2,3,4,,,,,,,,,
1218,27-Feb-23,2,3,1,,,,,,,,,
1244,17-Aug-22,2,3,5,,,,,,,,,
1252,10-Jun-23,2,3,2,,,,,,,,,
1293,15-Mar-23,2,3,2,,,,,,,,,
1384,05-May-23,2,3,4,,,,,,,,,
1390,23-Jan-23,2,3,4,,,,,,,,,
1400,17-May-23,2,3,3,,,,,,,,,
1425,06-Sep-22,2,3,1,,,,,,,,,
1460,23-Feb-23,2,3,1,,,,,,,,,
1475,25-Jul-23,2,3,3,,,,,,,,,
1490,06-Mar-23,2,3,4,,,,,,,,,
1496,09-Jul-23,2,3,3,,,,,,,,,
1506,08-May-23,2,3,2,,,,,,,,,
1510,06-Apr-23,2,3,3,,,,,,,,,
1511,17-Sep-22,2,3,2,,,,,,,,,
1515,14-Dec-22,2,3,1,,,,,,,,,
1526,20-Jan-23,2,3,3,,,,,,,,,
1549,07-Jul-23,2,3,1,,,,,,,,,
1550,04-Mar-23,2,3,3,,,,,,,,,
1575,16-Nov-22,2,3,2,,,,,,,,,
1605,08-May-23,2,3,3,,,,,,,,,
1634,13-Jan-23,2,3,1,,,,,,,,,
1654,11-Jun-23,2,3,3,,,,,,,,,
1681,30-May-23,2,3,4,,,,,,,,,
1719,29-Mar-23,2,3,1,,,,,,,,,
1764,13-Mar-23,2,3,5,,,,,,,,,
1780,03-Jun-23,2,3,2,,,,,,,,,
1784,23-Feb-23,2,3,1,,,,,,,,,
1792,12-Sep-22,2,3,5,,,,,,,,,
1856,14-Mar-23,2,3,3,,,,,,,,,
1877,08-Sep-22,2,3,2,,,,,,,,,
1879,05-Aug-23,2,3,4,,,,,,,,,
1887,07-May-23,2,3,3,,,,,,,,,
1893,08-Jun-23,2,3,4,,,,,,,,,
1915,11-Jul-23,2,3,5,,,,,,,,,
1919,22-May-23,2,3,3,,,,,,,,,
1931,16-Apr-23,2,3,4,,,,,,,,,
1955,27-Aug-22,2,3,4,,,,,,,,,
1961,21-Dec-22,2,3,1,,,,,,,,,
2012,26-Jul-23,2,3,2,,,,,,,,,
2093,01-Feb-23,2,3,1,,,,,,,,,
2111,26-Apr-23,2,3,1,,,,,,,,,
2117,16-Nov-22,2,3,2,,,,,,,,,
2132,15-Dec-22,2,3,3,,,,,,,,,
2133,02-Mar-23,2,3,2,,,,,,,,,
2141,14-Nov-22,2,3,3,,,,,,,,,
2197,15-Apr-23,2,3,1,,,,,,,,,
2205,05-Sep-22,2,3,5,,,,,,,,,
2222,14-Sep-22,2,3,5,,,,,,,,,
2227,18-Sep-22,2,3,4,,,,,,,,,
2268,03-Jul-23,2,3,2,,,,,,,,,
2329,02-Sep-22,2,3,1,,,,,,,,,
2338,09-Sep-22,2,3,5,,,,,,,,,
2347,09-Jan-23,2,3,2,,,,,,,,,
2352,11-Jul-23,2,3,3,,,,,,,,,
2381,15-Feb-23,2,3,3,,,,,,,,,
2411,23-Jan-23,2,3,3,,,,,,,,,
2417,17-Sep-22,2,3,4,,,,,,,,,
2464,18-Feb-23,2,3,2,,,,,,,,,
2496,15-Dec-22,2,3,3,,,,,,,,,
2507,31-Jul-23,2,3,4,,,,,,,,,
2544,07-Jul-23,2,3,2,,,,,,,,,
2581,20-Feb-23,2,3,4,,,,,,,,,
2641,25-Nov-22,2,3,5,,,,,,,,,
2642,09-Dec-22,2,3,1,,,,,,,,,
2688,21-Nov-22,2,3,3,,,,,,,,,
2730,16-Sep-22,2,3,4,,,,,,,,,
2731,26-Apr-23,2,3,2,,,,,,,,,
2802,01-Jul-23,2,3,5,,,,,,,,,
2819,31-Dec-22,2,3,4,,,,,,,,,
2822,24-May-23,2,3,3,,,,,,,,,
2878,09-Dec-22,2,3,3,,,,,,,,,
2953,01-Jun-23,2,3,4,,,,,,,,,
2967,11-Aug-22,2,3,1,,,,,,,,,
2975,29-Dec-22,2,3,4,,,,,,,,,
2989,18-Jun-23,2,3,3,,,,,,,,,
3031,20-Dec-22,2,3,2,,,,,,,,,
3073,03-Jan-23,2,3,5,,,,,,,,,
3094,26-Apr-23,2,3,1,,,,,,,,,
3117,30-Aug-22,2,3,1,,,,,,,,,
3172,02-Sep-22,2,3,1,,,,,,,,,
3243,25-Nov-22,2,3,1,,,,,,,,,
3297,22-Oct-22,2,3,3,,,,,,,,,
3309,31-May-23,2,3,5,,,,,,,,,
3333,23-Dec-22,2,3,1,,,,,,,,,
3353,11-Jan-23,2,3,2,,,,,,,,,
3389,11-Feb-23,2,3,1,,,,,,,,,
3411,30-Oct-22,2,3,2,,,,,,,,,
3420,08-Mar-23,2,3,3,,,,,,,,,
3432,12-Dec-22,2,3,5,,,,,,,,,
3497,18-Sep-22,2,3,4,,,,,,,,,
3501,20-Feb-23,2,3,4,,,,,,,,,
3516,15-Nov-22,2,3,5,,,,,,,,,
3529,15-Jul-23,2,3,4,,,,,,,,,
3542,18-Oct-22,2,3,4,,,,,,,,,
3567,04-Aug-23,2,3,2,,,,,,,,,
3576,23-Mar-23,2,3,3,,,,,,,,,
3589,18-Sep-22,2,3,2,,,,,,,,,
3595,19-Jan-23,2,3,1,,,,,,,,,
3611,16-Sep-22,2,3,4,,,,,,,,,
3617,26-Feb-23,2,3,3,,,,,,,,,
3621,23-Jun-23,2,3,2,,,,,,,,,
3663,26-Apr-23,2,3,4,,,,,,,,,
3712,25-Jan-23,2,3,1,,,,,,,,,
3780,21-May-23,2,3,2,,,,,,,,,
3793,15-May-23,2,3,3,,,,,,,,,
3813,06-Jun-23,2,3,4,,,,,,,,,
3836,04-Mar-23,2,3,5,,,,,,,,,
3887,04-Nov-22,2,3,5,,,,,,,,,
3890,24-Oct-22,2,3,3,,,,,,,,,
3941,26-Jan-23,2,3,3,,,,,,,,,
3950,18-Oct-22,2,3,5,,,,,,,,,
3991,11-Oct-22,2,3,2,,,,,,,,,
1005,19-Jun-23,2,4,5,,,,,,,,,
1010,15-Sep-22,2,4,2,,,,,,,,,
1039,03-Dec-22,2,4,5,,,,,,,,,
1044,26-Nov-22,2,4,5,,,,,,,,,
1051,01-Jan-23,2,4,5,,,,,,,,,
1091,22-Apr-23,2,4,3,,,,,,,,,
1139,27-Aug-22,2,4,2,,,,,,,,,
1143,13-Dec-22,2,4,2,,,,,,,,,
1158,17-Mar-23,2,4,4,,,,,,,,,
1182,25-Aug-22,2,4,5,,,,,,,,,
1201,23-Feb-23,2,4,4,,,,,,,,,
1247,13-Nov-22,2,4,5,,,,,,,,,
1249,22-Dec-22,2,4,2,,,,,,,,,
1253,10-Jan-23,2,4,2,,,,,,,,,
1278,28-May-23,2,4,5,,,,,,,,,
1288,15-Jul-23,2,4,5,,,,,,,,,
1297,10-Aug-22,2,4,4,,,,,,,,,
1345,28-Aug-22,2,4,4,,,,,,,,,
1369,08-Mar-23,2,4,3,,,,,,,,,
1386,18-Mar-23,2,4,5,,,,,,,,,
1402,13-Jul-23,2,4,4,,,,,,,,,
1442,11-Jan-23,2,4,2,,,,,,,,,
1472,02-Sep-22,2,4,1,,,,,,,,,
1525,29-Oct-22,2,4,1,,,,,,,,,
1538,11-Nov-22,2,4,5,,,,,,,,,
1540,24-Jan-23,2,4,2,,,,,,,,,
1545,21-Aug-22,2,4,2,,,,,,,,,
1572,17-Oct-22,2,4,3,,,,,,,,,
1608,11-Dec-22,2,4,3,,,,,,,,,
1631,24-Jun-23,2,4,1,,,,,,,,,
1638,08-May-23,2,4,5,,,,,,,,,
1640,19-Dec-22,2,4,1,,,,,,,,,
1653,02-Dec-22,2,4,5,,,,,,,,,
1662,17-May-23,2,4,5,,,,,,,,,
1683,29-Dec-22,2,4,4,,,,,,,,,
1684,30-Dec-22,2,4,3,,,,,,,,,
1686,06-Feb-23,2,4,2,,,,,,,,,
1699,25-Apr-23,2,4,3,,,,,,,,,
1725,09-Apr-23,2,4,5,,,,,,,,,
1730,03-Jul-23,2,4,4,,,,,,,,,
1756,27-Jun-23,2,4,4,,,,,,,,,
1848,10-Apr-23,2,4,5,,,,,,,,,
1849,20-Sep-22,2,4,4,,,,,,,,,
1858,26-Oct-22,2,4,1,,,,,,,,,
1874,04-May-23,2,4,4,,,,,,,,,
1897,05-Sep-22,2,4,5,,,,,,,,,
1899,28-Jun-23,2,4,5,,,,,,,,,
1907,18-Jan-23,2,4,5,,,,,,,,,
1933,24-May-23,2,4,5,,,,,,,,,
1942,08-Nov-22,2,4,2,,,,,,,,,
1962,05-Sep-22,2,4,1,,,,,,,,,
1998,07-Sep-22,2,4,3,,,,,,,,,
2026,22-Mar-23,2,4,4,,,,,,,,,
2034,30-Jan-23,2,4,1,,,,,,,,,
2061,26-May-23,2,4,3,,,,,,,,,
2098,01-Feb-23,2,4,1,,,,,,,,,
2158,04-Jan-23,2,4,3,,,,,,,,,
2167,03-Sep-22,2,4,2,,,,,,,,,
2172,17-Mar-23,2,4,1,,,,,,,,,
2184,09-Mar-23,2,4,4,,,,,,,,,
2198,13-Jul-23,2,4,2,,,,,,,,,
2206,24-Aug-22,2,4,3,,,,,,,,,
2240,22-Aug-22,2,4,5,,,,,,,,,
2245,08-Jul-23,2,4,4,,,,,,,,,
2265,08-Mar-23,2,4,2,,,,,,,,,
2353,17-Oct-22,2,4,3,,,,,,,,,
2375,14-Aug-22,2,4,2,,,,,,,,,
2441,17-Oct-22,2,4,2,,,,,,,,,
2466,14-Sep-22,2,4,1,,,,,,,,,
2488,10-Jan-23,2,4,5,,,,,,,,,
2528,10-Jul-23,2,4,2,,,,,,,,,
2558,15-Dec-22,2,4,5,,,,,,,,,
2576,19-Nov-22,2,4,1,,,,,,,,,
2586,04-Nov-22,2,4,2,,,,,,,,,
2675,30-Jan-23,2,4,4,,,,,,,,,
2704,14-Sep-22,2,4,4,,,,,,,,,
2726,29-Jul-23,2,4,2,,,,,,,,,
2744,25-Jun-23,2,4,2,,,,,,,,,
2764,22-Oct-22,2,4,3,,,,,,,,,
2771,28-Jan-23,2,4,2,,,,,,,,,
2772,25-Apr-23,2,4,5,,,,,,,,,
2796,05-Aug-23,2,4,2,,,,,,,,,
2861,21-Jul-23,2,4,5,,,,,,,,,
2877,02-Mar-23,2,4,1,,,,,,,,,
2909,13-Feb-23,2,4,4,,,,,,,,,
2920,04-Feb-23,2,4,4,,,,,,,,,
2944,21-May-23,2,4,1,,,,,,,,,
2948,04-Oct-22,2,4,5,,,,,,,,,
2960,23-Sep-22,2,4,3,,,,,,,,,
2977,21-Mar-23,2,4,3,,,,,,,,,
3035,06-Apr-23,2,4,5,,,,,,,,,
3072,01-Nov-22,2,4,1,,,,,,,,,
3124,13-Aug-22,2,4,2,,,,,,,,,
3163,19-Mar-23,2,4,5,,,,,,,,,
3166,26-Jan-23,2,4,1,,,,,,,,,
3206,13-Sep-22,2,4,4,,,,,,,,,
3224,29-Apr-23,2,4,5,,,,,,,,,
3236,28-Apr-23,2,4,1,,,,,,,,,
3254,30-Oct-22,2,4,1,,,,,,,,,
3284,09-Dec-22,2,4,1,,,,,,,,,
3304,15-Jun-23,2,4,2,,,,,,,,,
3307,23-Oct-22,2,4,1,,,,,,,,,
3332,29-Mar-23,2,4,5,,,,,,,,,
3373,03-Aug-23,2,4,4,,,,,,,,,
3375,24-Jan-23,2,4,3,,,,,,,,,
3390,02-Aug-23,2,4,2,,,,,,,,,
3424,14-Mar-23,2,4,5,,,,,,,,,
3471,30-Apr-23,2,4,1,,,,,,,,,
3489,03-Dec-22,2,4,5,,,,,,,,,
3510,22-Aug-22,2,4,3,,,,,,,,,
3531,24-Feb-23,2,4,4,,,,,,,,,
3547,24-Dec-22,2,4,2,,,,,,,,,
3560,09-Jan-23,2,4,5,,,,,,,,,
3568,07-Feb-23,2,4,1,,,,,,,,,
3580,21-Oct-22,2,4,3,,,,,,,,,
3607,18-Jul-23,2,4,1,,,,,,,,,
3629,18-Nov-22,2,4,4,,,,,,,,,
3647,28-Dec-22,2,4,4,,,,,,,,,
3654,02-Jan-23,2,4,1,,,,,,,,,
3687,02-Sep-22,2,4,5,,,,,,,,,
3699,21-Jun-23,2,4,3,,,,,,,,,
3702,24-Feb-23,2,4,1,,,,,,,,,
3704,07-Jul-23,2,4,5,,,,,,,,,
3731,11-Apr-23,2,4,1,,,,,,,,,
3761,30-May-23,2,4,1,,,,,,,,,
3768,27-Jan-23,2,4,1,,,,,,,,,
3860,26-Jun-23,2,4,3,,,,,,,,,
3923,27-Oct-22,2,4,3,,,,,,,,,
3924,07-Nov-22,2,4,5,,,,,,,,,
3997,10-Sep-22,2,4,1,,,,,,,,,
1001,10-Oct-22,2,5,5,,,,,,,,,
1003,03-Jan-23,2,5,2,,,,,,,,,
1009,06-Jun-23,2,5,1,,,,,,,,,
1034,09-Jul-23,2,5,1,,,,,,,,,
1136,09-Apr-23,2,5,2,,,,,,,,,
1190,07-Apr-23,2,5,3,,,,,,,,,
1228,21-Jan-23,2,5,3,,,,,,,,,
1261,13-Jul-23,2,5,4,,,,,,,,,
1275,19-Aug-22,2,5,3,,,,,,,,,
1305,22-Feb-23,2,5,2,,,,,,,,,
1312,25-Sep-22,2,5,2,,,,,,,,,
1401,04-Nov-22,2,5,3,,,,,,,,,
1423,23-Mar-23,2,5,5,,,,,,,,,
1464,04-Jul-23,2,5,1,,,,,,,,,
1505,02-Nov-22,2,5,4,,,,,,,,,
1598,28-May-23,2,5,5,,,,,,,,,
1603,31-Aug-22,2,5,1,,,,,,,,,
1618,16-Nov-22,2,5,4,,,,,,,,,
1676,27-Mar-23,2,5,1,,,,,,,,,
1739,10-Oct-22,2,5,1,,,,,,,,,
1787,23-Feb-23,2,5,3,,,,,,,,,
1788,04-Aug-23,2,5,1,,,,,,,,,
1799,28-Apr-23,2,5,3,,,,,,,,,
1811,11-Sep-22,2,5,1,,,,,,,,,
1870,13-Sep-22,2,5,3,,,,,,,,,
1891,22-Dec-22,2,5,2,,,,,,,,,
1902,27-Jul-23,2,5,3,,,,,,,,,
1912,02-Apr-23,2,5,1,,,,,,,,,
1920,23-Sep-22,2,5,3,,,,,,,,,
1934,25-Aug-22,2,5,2,,,,,,,,,
1952,09-Jun-23,2,5,2,,,,,,,,,
1963,23-Aug-22,2,5,3,,,,,,,,,
1977,18-Mar-23,2,5,4,,,,,,,,,
1983,16-Aug-22,2,5,1,,,,,,,,,
2014,07-Aug-22,2,5,4,,,,,,,,,
2017,11-Jul-23,2,5,4,,,,,,,,,
2029,30-Sep-22,2,5,1,,,,,,,,,
2037,28-Jan-23,2,5,4,,,,,,,,,
2048,25-Nov-22,2,5,4,,,,,,,,,
2094,25-Aug-22,2,5,5,,,,,,,,,
2142,06-May-23,2,5,1,,,,,,,,,
2144,09-Jun-23,2,5,4,,,,,,,,,
2237,08-Jun-23,2,5,2,,,,,,,,,
2258,03-Apr-23,2,5,4,,,,,,,,,
2274,13-Aug-22,2,5,1,,,,,,,,,
2279,28-May-23,2,5,1,,,,,,,,,
2289,12-Mar-23,2,5,3,,,,,,,,,
2302,12-Apr-23,2,5,3,,,,,,,,,
2309,03-Jan-23,2,5,5,,,,,,,,,
2331,11-Dec-22,2,5,3,,,,,,,,,
2344,08-Feb-23,2,5,5,,,,,,,,,
2363,16-Jul-23,2,5,1,,,,,,,,,
2378,04-Jul-23,2,5,3,,,,,,,,,
2379,01-Jul-23,2,5,1,,,,,,,,,
2397,08-Sep-22,2,5,2,,,,,,,,,
2408,26-Aug-22,2,5,5,,,,,,,,,
2428,30-Nov-22,2,5,5,,,,,,,,,
2440,08-Mar-23,2,5,2,,,,,,,,,
2481,07-Aug-22,2,5,1,,,,,,,,,
2525,23-Jul-23,2,5,1,,,,,,,,,
2531,28-Aug-22,2,5,4,,,,,,,,,
2535,06-Aug-22,2,5,2,,,,,,,,,
2547,26-May-23,2,5,1,,,,,,,,,
2548,07-Aug-22,2,5,3,,,,,,,,,
2565,17-Aug-22,2,5,4,,,,,,,,,
2589,25-Nov-22,2,5,1,,,,,,,,,
2623,10-Nov-22,2,5,3,,,,,,,,,
2655,29-Aug-22,2,5,5,,,,,,,,,
2693,06-Nov-22,2,5,2,,,,,,,,,
2740,06-Jun-23,2,5,1,,,,,,,,,
2773,29-May-23,2,5,4,,,,,,,,,
2793,27-Mar-23,2,5,3,,,,,,,,,
2810,13-Jul-23,2,5,5,,,,,,,,,
2815,22-Sep-22,2,5,3,,,,,,,,,
2821,12-Apr-23,2,5,5,,,,,,,,,
2829,07-Feb-23,2,5,3,,,,,,,,,
2833,02-Sep-22,2,5,2,,,,,,,,,
2844,14-Jul-23,2,5,2,,,,,,,,,
2869,24-Mar-23,2,5,4,,,,,,,,,
2871,31-May-23,2,5,2,,,,,,,,,
2905,10-Sep-22,2,5,1,,,,,,,,,
2906,15-Jul-23,2,5,4,,,,,,,,,
2938,30-Jan-23,2,5,1,,,,,,,,,
3007,15-May-23,2,5,3,,,,,,,,,
3020,28-Jul-23,2,5,1,,,,,,,,,
3046,06-Mar-23,2,5,3,,,,,,,,,
3103,26-Jan-23,2,5,2,,,,,,,,,
3111,27-Jul-23,2,5,2,,,,,,,,,
3155,18-Aug-22,2,5,4,,,,,,,,,
3194,26-Dec-22,2,5,5,,,,,,,,,
3202,25-Dec-22,2,5,1,,,,,,,,,
3212,09-Mar-23,2,5,4,,,,,,,,,
3213,08-Jan-23,2,5,1,,,,,,,,,
3222,18-Oct-22,2,5,1,,,,,,,,,
3240,22-Aug-22,2,5,4,,,,,,,,,
3247,26-Jun-23,2,5,4,,,,,,,,,
3322,27-Nov-22,2,5,4,,,,,,,,,
3328,19-May-23,2,5,4,,,,,,,,,
3352,22-Jan-23,2,5,2,,,,,,,,,
3356,10-Aug-22,2,5,1,,,,,,,,,
3369,16-Jun-23,2,5,4,,,,,,,,,
3400,30-Dec-22,2,5,3,,,,,,,,,
3415,08-Jun-23,2,5,1,,,,,,,,,
3417,21-May-23,2,5,5,,,,,,,,,
3419,25-Nov-22,2,5,2,,,,,,,,,
3431,25-Nov-22,2,5,3,,,,,,,,,
3442,31-Oct-22,2,5,3,,,,,,,,,
3458,14-Feb-23,2,5,5,,,,,,,,,
3464,29-Dec-22,2,5,3,,,,,,,,,
3507,31-Mar-23,2,5,2,,,,,,,,,
3533,08-Jan-23,2,5,2,,,,,,,,,
3545,27-May-23,2,5,2,,,,,,,,,
3546,10-May-23,2,5,5,,,,,,,,,
3555,13-Jan-23,2,5,1,,,,,,,,,
3558,05-Oct-22,2,5,3,,,,,,,,,
3570,02-Jan-23,2,5,3,,,,,,,,,
3590,06-Dec-22,2,5,4,,,,,,,,,
3598,01-Jul-23,2,5,4,,,,,,,,,
3626,24-Feb-23,2,5,1,,,,,,,,,
3634,25-Jun-23,2,5,2,,,,,,,,,
3641,07-Nov-22,2,5,4,,,,,,,,,
3698,19-Jan-23,2,5,4,,,,,,,,,
3737,09-Sep-22,2,5,1,,,,,,,,,
3741,01-Sep-22,2,5,4,,,,,,,,,
3747,26-Apr-23,2,5,5,,,,,,,,,
3767,09-Jul-23,2,5,3,,,,,,,,,
3772,10-Sep-22,2,5,1,,,,,,,,,
3805,31-Dec-22,2,5,2,,,,,,,,,
3828,21-Feb-23,2,5,1,,,,,,,,,
3842,31-Jul-23,2,5,5,,,,,,,,,
3908,25-Dec-22,2,5,3,,,,,,,,,
3911,06-Jun-23,2,5,4,,,,,,,,,
3929,28-Oct-22,2,5,2,,,,,,,,,
3961,20-Nov-22,2,5,2,,,,,,,,,
1007,18-Jul-23,2,1,5,,,,,,,,,
1020,01-Aug-23,2,1,2,,,,,,,,,
1053,12-Oct-22,2,1,4,,,,,,,,,
1122,04-Dec-22,2,1,2,,,,,,,,,
1166,27-Feb-23,2,1,4,,,,,,,,,
1174,06-Mar-23,2,1,5,,,,,,,,,
1175,22-Apr-23,2,1,2,,,,,,,,,
1178,03-May-23,2,1,2,,,,,,,,,
1205,07-Apr-23,2,1,2,,,,,,,,,
1207,06-Aug-22,2,1,2,,,,,,,,,
1215,25-Oct-22,2,1,5,,,,,,,,,
1232,22-Aug-22,2,1,5,,,,,,,,,
1257,19-Jul-23,2,1,1,,,,,,,,,
1268,18-Apr-23,2,1,2,,,,,,,,,
1274,19-Mar-23,2,1,5,,,,,,,,,
1283,19-Nov-22,2,1,2,,,,,,,,,
1382,30-Nov-22,2,1,1,,,,,,,,,
1396,07-Jul-23,2,1,3,,,,,,,,,
1418,25-Nov-22,2,1,3,,,,,,,,,
1431,28-Oct-22,2,1,1,,,,,,,,,
1456,31-Aug-22,2,1,5,,,,,,,,,
1457,02-Jul-23,2,1,1,,,,,,,,,
1474,22-Sep-22,2,1,3,,,,,,,,,
1582,04-Nov-22,2,1,5,,,,,,,,,
1589,26-Apr-23,2,1,1,,,,,,,,,
1597,23-Jul-23,2,1,4,,,,,,,,,
1602,01-Apr-23,2,1,3,,,,,,,,,
1658,07-Aug-22,2,1,2,,,,,,,,,
1664,12-Feb-23,2,1,1,,,,,,,,,
1668,01-Oct-22,2,1,3,,,,,,,,,
1678,21-Jun-23,2,1,1,,,,,,,,,
1716,15-Jan-23,2,1,1,,,,,,,,,
1744,02-May-23,2,1,4,,,,,,,,,
1752,11-Dec-22,2,1,2,,,,,,,,,
1829,19-Aug-22,2,1,2,,,,,,,,,
1838,01-Jul-23,2,1,1,,,,,,,,,
1844,20-Dec-22,2,1,4,,,,,,,,,
1948,16-Mar-23,2,1,5,,,,,,,,,
1991,26-Jan-23,2,1,3,,,,,,,,,
2005,04-Nov-22,2,1,2,,,,,,,,,
2019,21-Mar-23,2,1,4,,,,,,,,,
2020,28-Nov-22,2,1,4,,,,,,,,,
2024,25-Oct-22,2,1,5,,,,,,,,,
2071,15-Sep-22,2,1,5,,,,,,,,,
2088,21-Dec-22,2,1,2,,,,,,,,,
2097,30-Aug-22,2,1,4,,,,,,,,,
2143,14-Dec-22,2,1,1,,,,,,,,,
2147,03-Nov-22,2,1,2,,,,,,,,,
2150,26-Nov-22,2,1,1,,,,,,,,,
2176,29-Apr-23,2,1,1,,,,,,,,,
2181,04-Feb-23,2,1,4,,,,,,,,,
2187,14-Jan-23,2,1,5,,,,,,,,,
2217,05-Oct-22,2,1,2,,,,,,,,,
2224,02-Feb-23,2,1,3,,,,,,,,,
2236,29-Dec-22,2,1,2,,,,,,,,,
2261,17-Nov-22,2,1,5,,,,,,,,,
2299,18-Aug-22,2,1,2,,,,,,,,,
2318,20-Dec-22,2,1,5,,,,,,,,,
2323,21-Nov-22,2,1,3,,,,,,,,,
2345,14-Jan-23,2,1,5,,,,,,,,,
2371,10-Jan-23,2,1,5,,,,,,,,,
2380,25-Oct-22,2,1,3,,,,,,,,,
2385,15-Jan-23,2,1,3,,,,,,,,,
2424,25-Feb-23,2,1,4,,,,,,,,,
2430,22-Sep-22,2,1,1,,,,,,,,,
2442,26-Jan-23,2,1,5,,,,,,,,,
2469,13-Apr-23,2,1,5,,,,,,,,,
2479,31-Oct-22,2,1,2,,,,,,,,,
2520,06-Feb-23,2,1,1,,,,,,,,,
2536,16-Dec-22,2,1,2,,,,,,,,,
2542,21-Sep-22,2,1,3,,,,,,,,,
2613,04-Mar-23,2,1,2,,,,,,,,,
2677,29-Nov-22,2,1,5,,,,,,,,,
2689,06-Oct-22,2,1,1,,,,,,,,,
2760,26-Sep-22,2,1,4,,,,,,,,,
2768,20-Aug-22,2,1,5,,,,,,,,,
2797,05-Aug-22,2,1,2,,,,,,,,,
2799,01-Feb-23,2,1,1,,,,,,,,,
2820,16-Oct-22,2,1,5,,,,,,,,,
2842,10-Nov-22,2,1,5,,,,,,,,,
2848,11-Aug-22,2,1,1,,,,,,,,,
2852,02-Feb-23,2,1,2,,,,,,,,,
2860,31-Jan-23,2,1,4,,,,,,,,,
2892,05-Feb-23,2,1,5,,,,,,,,,
2999,24-Jan-23,2,1,4,,,,,,,,,
3008,09-Apr-23,2,1,4,,,,,,,,,
3053,03-Feb-23,2,1,3,,,,,,,,,
3059,28-Mar-23,2,1,3,,,,,,,,,
3076,08-Oct-22,2,1,5,,,,,,,,,
3077,05-Jul-23,2,1,2,,,,,,,,,
3105,31-Oct-22,2,1,2,,,,,,,,,
3107,10-Dec-22,2,1,4,,,,,,,,,
3116,18-Mar-23,2,1,4,,,,,,,,,
3149,31-Mar-23,2,1,4,,,,,,,,,
3180,30-Jan-23,2,1,1,,,,,,,,,
3244,25-Mar-23,2,1,1,,,,,,,,,
3316,10-Aug-22,2,1,2,,,,,,,,,
3350,30-Oct-22,2,1,1,,,,,,,,,
3379,31-Dec-22,2,1,4,,,,,,,,,
3384,27-Jun-23,2,1,2,,,,,,,,,
3385,21-Dec-22,2,1,4,,,,,,,,,
3386,01-Jan-23,2,1,5,,,,,,,,,
3405,16-Aug-22,2,1,1,,,,,,,,,
3428,09-Sep-22,2,1,5,,,,,,,,,
3455,12-Aug-22,2,1,1,,,,,,,,,
3485,07-May-23,2,1,3,,,,,,,,,
3514,25-Aug-22,2,1,1,,,,,,,,,
3554,07-Jun-23,2,1,2,,,,,,,,,
3561,20-Nov-22,2,1,5,,,,,,,,,
3562,27-Nov-22,2,1,3,,,,,,,,,
3591,27-Jul-23,2,1,4,,,,,,,,,
3600,04-Jul-23,2,1,4,,,,,,,,,
3637,07-May-23,2,1,3,,,,,,,,,
3640,25-Jul-23,2,1,2,,,,,,,,,
3683,25-Oct-22,2,1,5,,,,,,,,,
3696,01-Dec-22,2,1,2,,,,,,,,,
3706,17-Jul-23,2,1,4,,,,,,,,,
3720,15-May-23,2,1,5,,,,,,,,,
3723,18-Jun-23,2,1,4,,,,,,,,,
3742,07-Jan-23,2,1,1,,,,,,,,,
3743,11-Aug-22,2,1,3,,,,,,,,,
3746,06-Nov-22,2,1,5,,,,,,,,,
3758,04-Oct-22,2,1,1,,,,,,,,,
3762,06-Aug-22,2,1,1,,,,,,,,,
3764,11-Jul-23,2,1,5,,,,,,,,,
3775,15-Apr-23,2,1,3,,,,,,,,,
3801,27-Nov-22,2,1,4,,,,,,,,,
3826,17-Nov-22,2,1,3,,,,,,,,,
3866,16-Sep-22,2,1,5,,,,,,,,,
3889,26-Jan-23,2,1,1,,,,,,,,,
3895,16-Jul-23,2,1,2,,,,,,,,,
3920,14-Nov-22,2,1,4,,,,,,,,,
3931,30-Sep-22,2,1,5,,,,,,,,,
3955,10-Jun-23,2,1,1,,,,,,,,,
3989,26-Apr-23,2,1,1,,,,,,,,,
1018,21-Jun-23,4,1,4,,,,,,,,,
1025,24-Jan-23,4,1,4,,,,,,,,,
1090,16-May-23,4,3,4,,,,,,,,,
1109,16-Oct-22,4,5,4,,,,,,,,,
1125,17-Mar-23,4,3,4,,,,,,,,,
1128,18-Feb-23,4,2,4,,,,,,,,,
1131,11-May-23,4,4,4,,,,,,,,,
1142,21-Jun-23,4,4,4,,,,,,,,,
1171,24-Jun-23,4,1,4,,,,,,,,,
1191,13-Jul-23,4,4,4,,,,,,,,,
1196,02-Jun-23,4,5,4,,,,,,,,,
1212,31-Jan-23,4,5,4,,,,,,,,,
1223,07-May-23,4,1,4,,,,,,,,,
1226,04-Apr-23,4,5,4,,,,,,,,,
1393,17-Jun-23,4,4,4,,,,,,,,,
1432,13-Oct-22,4,3,4,,,,,,,,,
1451,27-Dec-22,4,3,4,,,,,,,,,
1469,23-Feb-23,4,2,4,,,,,,,,,
1547,24-Sep-22,4,4,4,,,,,,,,,
1564,20-Dec-22,4,1,4,,,,,,,,,
1567,12-Apr-23,4,2,4,,,,,,,,,
1584,18-Mar-23,4,1,4,,,,,,,,,
1651,01-Nov-22,4,4,4,,,,,,,,,
1663,10-Mar-23,4,2,4,,,,,,,,,
1675,25-Jan-23,4,1,4,,,,,,,,,
1708,29-Jan-23,4,5,4,,,,,,,,,
1727,22-Dec-22,4,2,4,,,,,,,,,
1734,04-Apr-23,4,1,4,,,,,,,,,
1746,20-Jun-23,4,3,4,,,,,,,,,
1763,18-Aug-22,4,2,4,,,,,,,,,
1790,11-Oct-22,4,5,4,,,,,,,,,
1937,11-Aug-22,4,5,4,,,,,,,,,
1953,07-Apr-23,4,5,4,,,,,,,,,
1967,26-Feb-23,4,2,4,,,,,,,,,
2010,17-Feb-23,4,4,4,,,,,,,,,
2013,07-Mar-23,4,5,4,,,,,,,,,
2028,01-Oct-22,4,4,4,,,,,,,,,
2036,18-Mar-23,4,3,4,,,,,,,,,
2080,12-Feb-23,4,1,4,,,,,,,,,
2082,01-Jan-23,4,2,4,,,,,,,,,
2140,11-May-23,4,5,4,,,,,,,,,
2151,11-Apr-23,4,4,4,,,,,,,,,
2180,29-May-23,4,4,4,,,,,,,,,
2199,03-Jun-23,4,3,4,,,,,,,,,
2241,30-Jan-23,4,4,4,,,,,,,,,
2251,18-Sep-22,4,4,4,,,,,,,,,
2286,20-Jan-23,4,4,4,,,,,,,,,
2294,30-Aug-22,4,4,4,,,,,,,,,
2322,20-Aug-22,4,3,4,,,,,,,,,
2364,02-Feb-23,4,2,4,,,,,,,,,
2382,19-Nov-22,4,3,4,,,,,,,,,
2438,09-Nov-22,4,1,4,,,,,,,,,
2521,07-Jun-23,4,4,4,,,,,,,,,
2537,26-Jul-23,4,5,4,,,,,,,,,
2575,26-May-23,4,3,4,,,,,,,,,
2587,24-Nov-22,4,4,4,,,,,,,,,
2597,08-May-23,4,5,4,,,,,,,,,
2603,04-Dec-22,4,1,4,,,,,,,,,
2620,04-Feb-23,4,3,4,,,,,,,,,
2676,16-Oct-22,4,3,4,,,,,,,,,
2763,05-Aug-22,4,2,4,,,,,,,,,
2784,09-Jan-23,4,3,4,,,,,,,,,
2816,13-Jul-23,4,2,4,,,,,,,,,
2826,29-Jun-23,4,3,4,,,,,,,,,
2837,08-Aug-22,4,1,4,,,,,,,,,
2850,31-Mar-23,4,1,4,,,,,,,,,
2883,14-Jun-23,4,3,4,,,,,,,,,
2904,27-Aug-22,4,2,4,,,,,,,,,
2974,26-Nov-22,4,5,4,,,,,,,,,
2979,08-Jan-23,4,5,4,,,,,,,,,
2983,01-Jul-23,4,5,4,,,,,,,,,
2988,15-Jul-23,4,4,4,,,,,,,,,
3004,21-Oct-22,4,3,4,,,,,,,,,
3082,30-Jul-23,4,3,4,,,,,,,,,
3087,23-Aug-22,4,3,4,,,,,,,,,
3129,31-Mar-23,4,2,4,,,,,,,,,
3189,17-Feb-23,4,3,4,,,,,,,,,
3229,29-Sep-22,4,3,4,,,,,,,,,
3256,04-Jul-23,4,1,4,,,,,,,,,
3273,05-May-23,4,5,4,,,,,,,,,
3280,03-Aug-23,4,5,4,,,,,,,,,
3281,27-Feb-23,4,4,4,,,,,,,,,
3410,04-Sep-22,4,3,4,,,,,,,,,
3456,30-Mar-23,4,3,4,,,,,,,,,
3463,18-Sep-22,4,3,4,,,,,,,,,
3475,25-Jan-23,4,3,4,,,,,,,,,
3479,03-Nov-22,4,4,4,,,,,,,,,
3500,14-May-23,4,1,4,,,,,,,,,
3553,30-Oct-22,4,2,4,,,,,,,,,
3583,05-Jul-23,4,1,4,,,,,,,,,
3586,31-Jan-23,4,2,4,,,,,,,,,
3596,19-Oct-22,4,3,4,,,,,,,,,
3633,04-Nov-22,4,4,4,,,,,,,,,
3644,11-Nov-22,4,4,4,,,,,,,,,
3657,26-Mar-23,4,2,4,,,,,,,,,
3669,11-Apr-23,4,2,4,,,,,,,,,
3685,03-Jan-23,4,3,4,,,,,,,,,
3688,02-Dec-22,4,4,4,,,,,,,,,
3701,10-Jun-23,4,1,4,,,,,,,,,
3735,03-Feb-23,4,4,4,,,,,,,,,
3807,17-Aug-22,4,5,4,,,,,,,,,
3899,04-Feb-23,4,5,4,,,,,,,,,
3926,15-Jul-23,4,1,4,,,,,,,,,
3930,06-May-23,4,4,4,,,,,,,,,
1056,17-Jan-23,4,2,2,,,,,,,,,
1073,16-Feb-23,4,4,2,,,,,,,,,
1134,29-Dec-22,4,1,2,,,,,,,,,
1246,12-Jan-23,4,3,2,,,,,,,,,
1256,24-Oct-22,4,4,2,,,,,,,,,
1308,28-Aug-22,4,5,2,,,,,,,,,
1317,05-May-23,4,2,2,,,,,,,,,
1354,21-Jun-23,4,4,2,,,,,,,,,
1395,31-May-23,4,1,2,,,,,,,,,
1413,31-Oct-22,4,3,2,,,,,,,,,
1449,11-Aug-22,4,2,2,,,,,,,,,
1487,20-May-23,4,4,2,,,,,,,,,
1492,17-Apr-23,4,5,2,,,,,,,,,
1508,07-Oct-22,4,3,2,,,,,,,,,
1512,18-Apr-23,4,5,2,,,,,,,,,
1518,28-Sep-22,4,4,2,,,,,,,,,
1524,17-Jan-23,4,1,2,,,,,,,,,
1551,08-Jul-23,4,4,2,,,,,,,,,
1556,07-Oct-22,4,5,2,,,,,,,,,
1557,19-Aug-22,4,1,2,,,,,,,,,
1574,10-Jun-23,4,3,2,,,,,,,,,
1599,13-Sep-22,4,5,2,,,,,,,,,
1619,05-Jan-23,4,2,2,,,,,,,,,
1628,12-Apr-23,4,4,2,,,,,,,,,
1630,25-Feb-23,4,3,2,,,,,,,,,
1633,09-Dec-22,4,3,2,,,,,,,,,
1635,19-Dec-22,4,4,2,,,,,,,,,
1636,14-Oct-22,4,5,2,,,,,,,,,
1637,20-Oct-22,4,1,2,,,,,,,,,
1702,20-Jan-23,4,1,2,,,,,,,,,
1720,10-Jul-23,4,3,2,,,,,,,,,
1724,22-Sep-22,4,2,2,,,,,,,,,
1737,30-Mar-23,4,5,2,,,,,,,,,
1738,13-Nov-22,4,1,2,,,,,,,,,
1794,17-May-23,4,4,2,,,,,,,,,
1833,23-Jan-23,4,3,2,,,,,,,,,
1895,18-Oct-22,4,5,2,,,,,,,,,
1966,29-Oct-22,4,3,2,,,,,,,,,
2062,05-Sep-22,4,1,2,,,,,,,,,
2075,27-Feb-23,4,5,2,,,,,,,,,
2101,10-Jan-23,4,4,2,,,,,,,,,
2183,13-Dec-22,4,4,2,,,,,,,,,
2216,13-Apr-23,4,5,2,,,,,,,,,
2232,19-Nov-22,4,5,2,,,,,,,,,
2287,11-Nov-22,4,4,2,,,,,,,,,
2315,10-Aug-22,4,3,2,,,,,,,,,
2327,29-Mar-23,4,1,2,,,,,,,,,
2348,12-Oct-22,4,4,2,,,,,,,,,
2361,12-Feb-23,4,4,2,,,,,,,,,
2392,19-Jun-23,4,3,2,,,,,,,,,
2405,25-Jul-23,4,1,2,,,,,,,,,
2413,08-Nov-22,4,2,2,,,,,,,,,
2462,09-May-23,4,1,2,,,,,,,,,
2474,12-Jun-23,4,5,2,,,,,,,,,
2491,23-Feb-23,4,5,2,,,,,,,,,
2551,03-Sep-22,4,2,2,,,,,,,,,
2596,06-Jun-23,4,1,2,,,,,,,,,
2617,23-Dec-22,4,4,2,,,,,,,,,
2644,22-Nov-22,4,1,2,,,,,,,,,
2646,14-Dec-22,4,2,2,,,,,,,,,
2692,04-May-23,4,5,2,,,,,,,,,
2736,26-Nov-22,4,2,2,,,,,,,,,
2813,28-Aug-22,4,4,2,,,,,,,,,
2838,03-Jul-23,4,4,2,,,,,,,,,
2856,23-Jan-23,4,5,2,,,,,,,,,
2913,05-May-23,4,1,2,,,,,,,,,
2916,20-Feb-23,4,4,2,,,,,,,,,
2927,31-Jul-23,4,2,2,,,,,,,,,
3042,13-Jan-23,4,1,2,,,,,,,,,
3086,13-Jul-23,4,2,2,,,,,,,,,
3119,23-Dec-22,4,5,2,,,,,,,,,
3156,27-Jan-23,4,2,2,,,,,,,,,
3162,20-Mar-23,4,4,2,,,,,,,,,
3187,02-Jan-23,4,2,2,,,,,,,,,
3203,11-Nov-22,4,4,2,,,,,,,,,
3223,11-Nov-22,4,4,2,,,,,,,,,
3265,10-Sep-22,4,3,2,,,,,,,,,
3299,31-Jan-23,4,1,2,,,,,,,,,
3336,25-Jan-23,4,4,2,,,,,,,,,
3363,22-Jun-23,4,4,2,,,,,,,,,
3376,19-Aug-22,4,1,2,,,,,,,,,
3380,05-Sep-22,4,3,2,,,,,,,,,
3445,07-May-23,4,5,2,,,,,,,,,
3454,14-Mar-23,4,4,2,,,,,,,,,
3467,27-Jun-23,4,3,2,,,,,,,,,
3505,10-Nov-22,4,3,2,,,,,,,,,
3509,03-Dec-22,4,5,2,,,,,,,,,
3534,14-Apr-23,4,3,2,,,,,,,,,
3557,20-Apr-23,4,5,2,,,,,,,,,
3592,15-Nov-22,4,1,2,,,,,,,,,
3599,02-Mar-23,4,4,2,,,,,,,,,
3642,08-Oct-22,4,1,2,,,,,,,,,
3734,31-Jul-23,4,5,2,,,,,,,,,
3744,05-Sep-22,4,3,2,,,,,,,,,
3777,28-Oct-22,4,3,2,,,,,,,,,
3795,29-Sep-22,4,3,2,,,,,,,,,
3814,08-Jul-23,4,1,2,,,,,,,,,
3825,22-Dec-22,4,4,2,,,,,,,,,
3871,15-Jul-23,4,5,2,,,,,,,,,
3921,30-Jun-23,4,3,2,,,,,,,,,
3945,03-Jan-23,4,4,2,,,,,,,,,
3948,10-Mar-23,4,4,2,,,,,,,,,
3956,26-Sep-22,4,5,2,,,,,,,,,
3965,08-Jun-23,4,1,2,,,,,,,,,
3969,09-Aug-22,4,5,2,,,,,,,,,
3986,08-Oct-22,4,3,2,,,,,,,,,
3995,05-Jan-23,4,5,2,,,,,,,,,
1002,03-Aug-23,4,5,3,,,,,,,,,
1017,16-Jul-23,4,1,3,,,,,,,,,
1023,17-Jan-23,4,4,3,,,,,,,,,
1047,12-May-23,4,2,3,,,,,,,,,
1059,29-Mar-23,4,3,3,,,,,,,,,
1108,24-Jul-23,4,5,3,,,,,,,,,
1115,11-Mar-23,4,1,3,,,,,,,,,
1148,02-Apr-23,4,1,3,,,,,,,,,
1160,20-Aug-22,4,2,3,,,,,,,,,
1224,20-May-23,4,2,3,,,,,,,,,
1241,16-Jan-23,4,4,3,,,,,,,,,
1263,24-Jan-23,4,5,3,,,,,,,,,
1272,31-Oct-22,4,2,3,,,,,,,,,
1277,01-Aug-23,4,3,3,,,,,,,,,
1346,28-Apr-23,4,2,3,,,,,,,,,
1389,25-Feb-23,4,4,3,,,,,,,,,
1392,19-Sep-22,4,4,3,,,,,,,,,
1435,23-Mar-23,4,2,3,,,,,,,,,
1499,28-Nov-22,4,2,3,,,,,,,,,
1517,22-Jan-23,4,5,3,,,,,,,,,
1521,11-Jun-23,4,1,3,,,,,,,,,
1523,20-Sep-22,4,4,3,,,,,,,,,
1587,27-Jun-23,4,5,3,,,,,,,,,
1621,21-May-23,4,1,3,,,,,,,,,
1665,23-Aug-22,4,2,3,,,,,,,,,
1704,06-Apr-23,4,4,3,,,,,,,,,
1733,26-Oct-22,4,5,3,,,,,,,,,
1745,14-Nov-22,4,4,3,,,,,,,,,
1775,10-May-23,4,2,3,,,,,,,,,
1791,18-Sep-22,4,5,3,,,,,,,,,
1823,12-May-23,4,4,3,,,,,,,,,
1929,09-Dec-22,4,1,3,,,,,,,,,
1939,13-Jun-23,4,5,3,,,,,,,,,
1951,20-Apr-23,4,1,3,,,,,,,,,
1969,20-Apr-23,4,3,3,,,,,,,,,
1973,30-Aug-22,4,2,3,,,,,,,,,
1974,17-Jan-23,4,1,3,,,,,,,,,
1975,24-Mar-23,4,4,3,,,,,,,,,
1992,06-Feb-23,4,3,3,,,,,,,,,
2035,11-Jan-23,4,2,3,,,,,,,,,
2054,04-Feb-23,4,5,3,,,,,,,,,
2057,06-May-23,4,1,3,,,,,,,,,
2063,06-Apr-23,4,5,3,,,,,,,,,
2079,03-Mar-23,4,2,3,,,,,,,,,
2121,29-Jan-23,4,1,3,,,,,,,,,
2125,23-Sep-22,4,5,3,,,,,,,,,
2238,28-Mar-23,4,4,3,,,,,,,,,
2262,27-Apr-23,4,4,3,,,,,,,,,
2270,18-Mar-23,4,4,3,,,,,,,,,
2285,22-May-23,4,3,3,,,,,,,,,
2290,14-Apr-23,4,1,3,,,,,,,,,
2310,04-Oct-22,4,1,3,,,,,,,,,
2314,23-Jun-23,4,1,3,,,,,,,,,
2340,23-May-23,4,5,3,,,,,,,,,
2359,08-Jul-23,4,4,3,,,,,,,,,
2360,07-Feb-23,4,4,3,,,,,,,,,
2398,07-Jan-23,4,3,3,,,,,,,,,
2400,28-Mar-23,4,4,3,,,,,,,,,
2449,28-Jan-23,4,5,3,,,,,,,,,
2456,22-Sep-22,4,5,3,,,,,,,,,
2473,16-Sep-22,4,4,3,,,,,,,,,
2477,09-Jan-23,4,4,3,,,,,,,,,
2539,08-Dec-22,4,2,3,,,,,,,,,
2556,01-Feb-23,4,1,3,,,,,,,,,
2578,17-Jun-23,4,5,3,,,,,,,,,
2653,23-Feb-23,4,5,3,,,,,,,,,
2654,07-Mar-23,4,1,3,,,,,,,,,
2657,04-Mar-23,4,3,3,,,,,,,,,
2710,12-Aug-22,4,2,3,,,,,,,,,
2788,29-May-23,4,1,3,,,,,,,,,
2818,21-Jun-23,4,3,3,,,,,,,,,
2835,30-Mar-23,4,5,3,,,,,,,,,
2851,16-Oct-22,4,3,3,,,,,,,,,
2873,15-Dec-22,4,2,3,,,,,,,,,
2932,28-Apr-23,4,4,3,,,,,,,,,
2939,13-Apr-23,4,3,3,,,,,,,,,
2946,20-Jan-23,4,5,3,,,,,,,,,
2964,15-Dec-22,4,1,3,,,,,,,,,
2986,12-Jul-23,4,5,3,,,,,,,,,
2987,06-Jul-23,4,3,3,,,,,,,,,
2998,04-Feb-23,4,3,3,,,,,,,,,
3011,07-Dec-22,4,4,3,,,,,,,,,
3083,24-Feb-23,4,4,3,,,,,,,,,
3121,13-Apr-23,4,1,3,,,,,,,,,
3130,28-Dec-22,4,3,3,,,,,,,,,
3157,11-Apr-23,4,1,3,,,,,,,,,
3164,02-Oct-22,4,2,3,,,,,,,,,
3248,04-Nov-22,4,3,3,,,,,,,,,
3258,16-Oct-22,4,4,3,,,,,,,,,
3262,06-Oct-22,4,3,3,,,,,,,,,
3318,17-Nov-22,4,3,3,,,,,,,,,
3321,05-Jan-23,4,1,3,,,,,,,,,
3326,24-Jun-23,4,1,3,,,,,,,,,
3329,03-Dec-22,4,4,3,,,,,,,,,
3351,14-Feb-23,4,2,3,,,,,,,,,
3395,30-May-23,4,4,3,,,,,,,,,
3396,13-Sep-22,4,3,3,,,,,,,,,
3403,06-Mar-23,4,4,3,,,,,,,,,
3423,19-Sep-22,4,5,3,,,,,,,,,
3435,09-Dec-22,4,3,3,,,,,,,,,
3459,26-Oct-22,4,4,3,,,,,,,,,
3460,16-Nov-22,4,3,3,,,,,,,,,
3513,11-May-23,4,1,3,,,,,,,,,
3551,03-Jun-23,4,4,3,,,,,,,,,
3563,31-Jan-23,4,1,3,,,,,,,,,
3564,12-Mar-23,4,4,3,,,,,,,,,
3593,07-Oct-22,4,4,3,,,,,,,,,
3653,31-May-23,4,4,3,,,,,,,,,
3674,02-Apr-23,4,4,3,,,,,,,,,
3689,17-Aug-22,4,4,3,,,,,,,,,
3692,17-Feb-23,4,5,3,,,,,,,,,
3711,14-Dec-22,4,3,3,,,,,,,,,
3717,01-Jan-23,4,1,3,,,,,,,,,
3725,17-May-23,4,3,3,,,,,,,,,
3729,19-Mar-23,4,5,3,,,,,,,,,
3748,18-Nov-22,4,1,3,,,,,,,,,
3845,05-Aug-23,4,5,3,,,,,,,,,
3884,30-Jul-23,4,2,3,,,,,,,,,
3951,01-Apr-23,4,1,3,,,,,,,,,
3962,30-May-23,4,3,3,,,,,,,,,
1014,28-Jun-23,4,4,1,,,,,,,,,
1030,03-Jan-23,4,4,1,,,,,,,,,
1050,03-Jul-23,4,5,1,,,,,,,,,
1058,06-Mar-23,4,2,1,,,,,,,,,
1088,20-Apr-23,4,3,1,,,,,,,,,
1107,18-Oct-22,4,5,1,,,,,,,,,
1111,11-May-23,4,1,1,,,,,,,,,
1112,06-Jul-23,4,1,1,,,,,,,,,
1117,29-Jul-23,4,5,1,,,,,,,,,
1138,19-Oct-22,4,5,1,,,,,,,,,
1180,15-May-23,4,3,1,,,,,,,,,
1187,19-Nov-22,4,1,1,,,,,,,,,
1188,16-Jul-23,4,1,1,,,,,,,,,
1200,19-Apr-23,4,5,1,,,,,,,,,
1210,24-Oct-22,4,5,1,,,,,,,,,
1216,09-Sep-22,4,1,1,,,,,,,,,
1237,11-Jul-23,4,3,1,,,,,,,,,
1242,28-Jul-23,4,4,1,,,,,,,,,
1250,26-Apr-23,4,5,1,,,,,,,,,
1281,31-May-23,4,2,1,,,,,,,,,
1347,28-Feb-23,4,3,1,,,,,,,,,
1352,03-Jun-23,4,2,1,,,,,,,,,
1359,09-Jan-23,4,5,1,,,,,,,,,
1391,11-Aug-22,4,1,1,,,,,,,,,
1419,11-Feb-23,4,2,1,,,,,,,,,
1447,17-Aug-22,4,4,1,,,,,,,,,
1535,08-Dec-22,4,2,1,,,,,,,,,
1543,07-Jan-23,4,1,1,,,,,,,,,
1591,10-May-23,4,3,1,,,,,,,,,
1596,10-Feb-23,4,4,1,,,,,,,,,
1613,07-Sep-22,4,2,1,,,,,,,,,
1627,06-Aug-22,4,4,1,,,,,,,,,
1696,27-May-23,4,4,1,,,,,,,,,
1705,02-Apr-23,4,4,1,,,,,,,,,
1751,24-Aug-22,4,4,1,,,,,,,,,
1755,17-Oct-22,4,1,1,,,,,,,,,
1767,09-Aug-22,4,1,1,,,,,,,,,
1786,03-Jun-23,4,2,1,,,,,,,,,
1789,07-Oct-22,4,3,1,,,,,,,,,
1816,03-Apr-23,4,3,1,,,,,,,,,
1834,08-Dec-22,4,5,1,,,,,,,,,
1876,09-Jan-23,4,2,1,,,,,,,,,
1995,23-Apr-23,4,3,1,,,,,,,,,
2015,13-Aug-22,4,3,1,,,,,,,,,
2077,26-Jul-23,4,1,1,,,,,,,,,
2087,14-Nov-22,4,4,1,,,,,,,,,
2107,25-Nov-22,4,1,1,,,,,,,,,
2112,01-Feb-23,4,3,1,,,,,,,,,
2120,05-Sep-22,4,4,1,,,,,,,,,
2177,17-Oct-22,4,2,1,,,,,,,,,
2186,17-Sep-22,4,1,1,,,,,,,,,
2244,01-Mar-23,4,2,1,,,,,,,,,
2250,29-May-23,4,2,1,,,,,,,,,
2283,20-Oct-22,4,2,1,,,,,,,,,
2325,27-Dec-22,4,4,1,,,,,,,,,
2356,07-Mar-23,4,1,1,,,,,,,,,
2394,18-Nov-22,4,1,1,,,,,,,,,
2410,03-May-23,4,4,1,,,,,,,,,
2416,01-Nov-22,4,5,1,,,,,,,,,
2420,07-May-23,4,3,1,,,,,,,,,
2478,30-Jan-23,4,4,1,,,,,,,,,
2511,24-Jun-23,4,3,1,,,,,,,,,
2518,28-Dec-22,4,2,1,,,,,,,,,
2529,08-Dec-22,4,5,1,,,,,,,,,
2530,18-Jul-23,4,1,1,,,,,,,,,
2648,22-Apr-23,4,2,1,,,,,,,,,
2649,26-Dec-22,4,4,1,,,,,,,,,
2662,08-Jul-23,4,1,1,,,,,,,,,
2668,28-Apr-23,4,4,1,,,,,,,,,
2669,27-Apr-23,4,2,1,,,,,,,,,
2670,26-Jun-23,4,2,1,,,,,,,,,
2679,02-Feb-23,4,4,1,,,,,,,,,
2691,21-Dec-22,4,1,1,,,,,,,,,
2738,16-Mar-23,4,3,1,,,,,,,,,
2741,09-Oct-22,4,3,1,,,,,,,,,
2779,28-Aug-22,4,1,1,,,,,,,,,
2786,07-Dec-22,4,3,1,,,,,,,,,
2814,13-Jul-23,4,1,1,,,,,,,,,
2918,11-Dec-22,4,3,1,,,,,,,,,
2934,16-Nov-22,4,3,1,,,,,,,,,
2936,18-Sep-22,4,3,1,,,,,,,,,
2945,21-Sep-22,4,2,1,,,,,,,,,
2976,02-Sep-22,4,3,1,,,,,,,,,
2984,09-Dec-22,4,1,1,,,,,,,,,
3005,18-Jan-23,4,5,1,,,,,,,,,
3039,03-Aug-23,4,2,1,,,,,,,,,
3047,13-Nov-22,4,2,1,,,,,,,,,
3058,04-Jul-23,4,1,1,,,,,,,,,
3092,15-Apr-23,4,4,1,,,,,,,,,
3126,19-Aug-22,4,5,1,,,,,,,,,
3142,10-Aug-22,4,5,1,,,,,,,,,
3148,24-Jun-23,4,5,1,,,,,,,,,
3204,27-Dec-22,4,1,1,,,,,,,,,
3230,08-Apr-23,4,3,1,,,,,,,,,
3347,06-May-23,4,2,1,,,,,,,,,
3360,25-Jun-23,4,4,1,,,,,,,,,
3391,05-Jul-23,4,3,1,,,,,,,,,
3401,06-Nov-22,4,4,1,,,,,,,,,
3404,22-Mar-23,4,1,1,,,,,,,,,
3517,01-Jan-23,4,1,1,,,,,,,,,
3573,31-Dec-22,4,1,1,,,,,,,,,
3588,10-May-23,4,2,1,,,,,,,,,
3614,04-Jul-23,4,5,1,,,,,,,,,
3628,27-May-23,4,3,1,,,,,,,,,
3638,15-May-23,4,5,1,,,,,,,,,
3700,18-Jan-23,4,1,1,,,,,,,,,
3760,28-Oct-22,4,3,1,,,,,,,,,
3779,18-Jun-23,4,1,1,,,,,,,,,
3791,07-Sep-22,4,1,1,,,,,,,,,
3819,01-Jul-23,4,1,1,,,,,,,,,
3846,27-Jan-23,4,5,1,,,,,,,,,
3863,23-Nov-22,4,2,1,,,,,,,,,
3878,23-Feb-23,4,4,1,,,,,,,,,
3880,18-Sep-22,4,3,1,,,,,,,,,
3898,04-Nov-22,4,5,1,,,,,,,,,
3904,13-Sep-22,4,4,1,,,,,,,,,
3928,04-Jan-23,4,2,1,,,,,,,,,
3947,28-Jul-23,4,3,1,,,,,,,,,
3974,04-Apr-23,4,5,1,,,,,,,,,
3976,25-Apr-23,4,5,1,,,,,,,,,
3983,03-Dec-22,4,3,1,,,,,,,,,
3992,14-Jul-23,4,3,1,,,,,,,,,
1066,15-Jul-23,4,3,5,,,,,,,,,
1119,16-Apr-23,4,4,5,,,,,,,,,
1183,07-Mar-23,4,5,5,,,,,,,,,
1229,20-May-23,4,2,5,,,,,,,,,
1234,11-Dec-22,4,1,5,,,,,,,,,
1239,07-Oct-22,4,5,5,,,,,,,,,
1265,28-Jun-23,4,2,5,,,,,,,,,
1267,25-Apr-23,4,1,5,,,,,,,,,
1319,14-Jun-23,4,2,5,,,,,,,,,
1335,09-Oct-22,4,5,5,,,,,,,,,
1351,18-Jan-23,4,1,5,,,,,,,,,
1376,12-Jun-23,4,3,5,,,,,,,,,
1383,02-Sep-22,4,1,5,,,,,,,,,
1406,15-May-23,4,1,5,,,,,,,,,
1412,16-Jun-23,4,3,5,,,,,,,,,
1424,03-Sep-22,4,4,5,,,,,,,,,
1426,11-Jul-23,4,5,5,,,,,,,,,
1437,06-Jan-23,4,5,5,,,,,,,,,
1452,14-Aug-22,4,4,5,,,,,,,,,
1462,31-Aug-22,4,5,5,,,,,,,,,
1539,22-Jan-23,4,4,5,,,,,,,,,
1601,05-Jan-23,4,2,5,,,,,,,,,
1610,23-Oct-22,4,5,5,,,,,,,,,
1647,16-Feb-23,4,2,5,,,,,,,,,
1648,16-Dec-22,4,4,5,,,,,,,,,
1659,11-Jul-23,4,5,5,,,,,,,,,
1713,11-Oct-22,4,4,5,,,,,,,,,
1717,06-Mar-23,4,2,5,,,,,,,,,
1735,10-May-23,4,4,5,,,,,,,,,
1743,20-Apr-23,4,1,5,,,,,,,,,
1769,10-Feb-23,4,3,5,,,,,,,,,
1785,08-Aug-22,4,4,5,,,,,,,,,
1800,03-Feb-23,4,3,5,,,,,,,,,
1802,21-May-23,4,2,5,,,,,,,,,
1812,05-Dec-22,4,2,5,,,,,,,,,
1853,27-Aug-22,4,3,5,,,,,,,,,
1859,17-Feb-23,4,2,5,,,,,,,,,
1898,18-Jul-23,4,5,5,,,,,,,,,
1901,22-Jun-23,4,1,5,,,,,,,,,
1908,26-Jan-23,4,2,5,,,,,,,,,
1914,23-Feb-23,4,4,5,,,,,,,,,
1928,24-Aug-22,4,5,5,,,,,,,,,
1958,05-Oct-22,4,2,5,,,,,,,,,
1989,04-May-23,4,2,5,,,,,,,,,
2007,28-Jul-23,4,1,5,,,,,,,,,
2030,07-Apr-23,4,1,5,,,,,,,,,
2033,10-Oct-22,4,1,5,,,,,,,,,
2059,09-May-23,4,4,5,,,,,,,,,
2068,22-Aug-22,4,3,5,,,,,,,,,
2124,21-Apr-23,4,1,5,,,,,,,,,
2134,27-Feb-23,4,2,5,,,,,,,,,
2157,10-Dec-22,4,2,5,,,,,,,,,
2178,11-Sep-22,4,1,5,,,,,,,,,
2185,07-Nov-22,4,5,5,,,,,,,,,
2212,26-Jul-23,4,1,5,,,,,,,,,
2218,10-Oct-22,4,1,5,,,,,,,,,
2226,28-Jan-23,4,4,5,,,,,,,,,
2257,25-Jul-23,4,3,5,,,,,,,,,
2280,23-Feb-23,4,2,5,,,,,,,,,
2296,15-Jun-23,4,4,5,,,,,,,,,
2305,26-May-23,4,5,5,,,,,,,,,
2316,06-Sep-22,4,2,5,,,,,,,,,
2321,07-Nov-22,4,2,5,,,,,,,,,
2366,30-Apr-23,4,2,5,,,,,,,,,
2431,31-Oct-22,4,2,5,,,,,,,,,
2439,15-Aug-22,4,3,5,,,,,,,,,
2443,17-Aug-22,4,3,5,,,,,,,,,
2482,19-Jan-23,4,2,5,,,,,,,,,
2546,06-Nov-22,4,4,5,,,,,,,,,
2549,18-Jan-23,4,3,5,,,,,,,,,
2567,17-Aug-22,4,3,5,,,,,,,,,
2584,20-Jul-23,4,4,5,,,,,,,,,
2591,28-Jul-23,4,5,5,,,,,,,,,
2643,01-May-23,4,3,5,,,,,,,,,
2645,25-Oct-22,4,3,5,,,,,,,,,
2687,20-Feb-23,4,5,5,,,,,,,,,
2711,07-Feb-23,4,2,5,,,,,,,,,
2725,30-Jan-23,4,1,5,,,,,,,,,
2746,13-Jul-23,4,4,5,,,,,,,,,
2787,10-Apr-23,4,2,5,,,,,,,,,
2803,04-Nov-22,4,4,5,,,,,,,,,
2817,12-Aug-22,4,1,5,,,,,,,,,
2827,30-Aug-22,4,4,5,,,,,,,,,
2832,14-Nov-22,4,5,5,,,,,,,,,
2908,14-May-23,4,2,5,,,,,,,,,
2922,29-Apr-23,4,2,5,,,,,,,,,
2943,18-Oct-22,4,1,5,,,,,,,,,
2965,13-Jul-23,4,4,5,,,,,,,,,
2969,21-Nov-22,4,5,5,,,,,,,,,
3003,17-Jan-23,4,3,5,,,,,,,,,
3024,05-Mar-23,4,5,5,,,,,,,,,
3085,10-Dec-22,4,3,5,,,,,,,,,
3127,09-Apr-23,4,5,5,,,,,,,,,
3171,08-Jan-23,4,1,5,,,,,,,,,
3190,15-Oct-22,4,5,5,,,,,,,,,
3207,13-Jan-23,4,4,5,,,,,,,,,
3215,12-Nov-22,4,3,5,,,,,,,,,
3310,04-Nov-22,4,5,5,,,,,,,,,
3325,20-Mar-23,4,5,5,,,,,,,,,
3343,21-Jul-23,4,2,5,,,,,,,,,
3366,21-Aug-22,4,5,5,,,,,,,,,
3367,11-Sep-22,4,1,5,,,,,,,,,
3371,08-Aug-22,4,2,5,,,,,,,,,
3399,23-May-23,4,4,5,,,,,,,,,
3438,28-Oct-22,4,2,5,,,,,,,,,
3441,30-Oct-22,4,2,5,,,,,,,,,
3446,21-May-23,4,3,5,,,,,,,,,
3450,18-Jan-23,4,3,5,,,,,,,,,
3482,22-Oct-22,4,5,5,,,,,,,,,
3495,08-Sep-22,4,3,5,,,,,,,,,
3518,13-May-23,4,2,5,,,,,,,,,
3537,09-Sep-22,4,2,5,,,,,,,,,
3543,11-Feb-23,4,5,5,,,,,,,,,
3571,23-Nov-22,4,1,5,,,,,,,,,
3610,14-Dec-22,4,5,5,,,,,,,,,
3631,10-Feb-23,4,1,5,,,,,,,,,
3679,26-Oct-22,4,2,5,,,,,,,,,
3690,31-May-23,4,3,5,,,,,,,,,
3730,20-Feb-23,4,5,5,,,,,,,,,
3750,07-Dec-22,4,1,5,,,,,,,,,
3757,24-Jul-23,4,4,5,,,,,,,,,
3766,12-May-23,4,4,5,,,,,,,,,
3776,13-Dec-22,4,1,5,,,,,,,,,
3806,13-Mar-23,4,1,5,,,,,,,,,
3822,23-Mar-23,4,4,5,,,,,,,,,
3824,13-Feb-23,4,4,5,,,,,,,,,
3874,01-Oct-22,4,4,5,,,,,,,,,
3894,14-Aug-22,4,3,5,,,,,,,,,
3963,28-Jul-23,4,1,5,,,,,,,,,
3978,04-Sep-22,4,3,5,,,,,,,,,
3980,03-Oct-22,4,2,5,,,,,,,,,
1021,09-Mar-23,5,1,4,,,,,,,,,
1028,26-Mar-23,5,5,4,,,,,,,,,
1032,22-May-23,5,4,4,,,,,,,,,
1037,25-Nov-22,5,1,4,,,,,,,,,
1060,01-Jul-23,5,5,4,,,,,,,,,
1063,25-Jul-23,5,2,4,,,,,,,,,
1064,14-Dec-22,5,4,4,,,,,,,,,
1065,20-Jan-23,5,3,4,,,,,,,,,
1077,12-Oct-22,5,2,4,,,,,,,,,
1102,02-Mar-23,5,1,4,,,,,,,,,
1135,23-Feb-23,5,4,4,,,,,,,,,
1181,05-Jul-23,5,5,4,,,,,,,,,
1220,08-May-23,5,2,4,,,,,,,,,
1230,30-Nov-22,5,4,4,,,,,,,,,
1327,23-Mar-23,5,3,4,,,,,,,,,
1336,09-Mar-23,5,1,4,,,,,,,,,
1340,28-May-23,5,4,4,,,,,,,,,
1374,08-Feb-23,5,5,4,,,,,,,,,
1377,05-Mar-23,5,5,4,,,,,,,,,
1388,15-Jul-23,5,2,4,,,,,,,,,
1480,16-Feb-23,5,1,4,,,,,,,,,
1501,08-May-23,5,4,4,,,,,,,,,
1537,06-Aug-22,5,2,4,,,,,,,,,
1542,31-Jul-23,5,4,4,,,,,,,,,
1585,23-Dec-22,5,4,4,,,,,,,,,
1609,13-Apr-23,5,5,4,,,,,,,,,
1632,12-Mar-23,5,4,4,,,,,,,,,
1641,18-Mar-23,5,4,4,,,,,,,,,
1643,23-Aug-22,5,3,4,,,,,,,,,
1661,25-Feb-23,5,4,4,,,,,,,,,
1682,15-Apr-23,5,3,4,,,,,,,,,
1700,04-May-23,5,2,4,,,,,,,,,
1711,05-May-23,5,1,4,,,,,,,,,
1721,30-Jun-23,5,4,4,,,,,,,,,
1740,20-Sep-22,5,4,4,,,,,,,,,
1759,16-Sep-22,5,2,4,,,,,,,,,
1779,22-Aug-22,5,3,4,,,,,,,,,
1783,21-Apr-23,5,2,4,,,,,,,,,
1795,10-Jun-23,5,1,4,,,,,,,,,
1808,25-Apr-23,5,2,4,,,,,,,,,
1810,06-Jul-23,5,1,4,,,,,,,,,
1840,24-Aug-22,5,1,4,,,,,,,,,
1862,11-Mar-23,5,4,4,,,,,,,,,
1889,06-Oct-22,5,4,4,,,,,,,,,
1904,09-Dec-22,5,1,4,,,,,,,,,
1935,20-Apr-23,5,1,4,,,,,,,,,
1943,22-Sep-22,5,5,4,,,,,,,,,
1949,07-Sep-22,5,3,4,,,,,,,,,
1959,04-Jan-23,5,3,4,,,,,,,,,
1970,06-Mar-23,5,4,4,,,,,,,,,
1993,10-Dec-22,5,2,4,,,,,,,,,
2032,02-Jul-23,5,2,4,,,,,,,,,
2051,12-Aug-22,5,2,4,,,,,,,,,
2058,29-May-23,5,5,4,,,,,,,,,
2065,13-Jan-23,5,4,4,,,,,,,,,
2163,12-Jan-23,5,5,4,,,,,,,,,
2168,08-Jan-23,5,1,4,,,,,,,,,
2169,18-Apr-23,5,2,4,,,,,,,,,
2192,26-Dec-22,5,3,4,,,,,,,,,
2256,14-Jul-23,5,5,4,,,,,,,,,
2271,21-Mar-23,5,4,4,,,,,,,,,
2288,09-Jul-23,5,1,4,,,,,,,,,
2369,18-Feb-23,5,2,4,,,,,,,,,
2376,07-Dec-22,5,2,4,,,,,,,,,
2388,06-Jun-23,5,2,4,,,,,,,,,
2447,01-Feb-23,5,3,4,,,,,,,,,
2513,28-Mar-23,5,2,4,,,,,,,,,
2554,29-Dec-22,5,1,4,,,,,,,,,
2555,14-May-23,5,1,4,,,,,,,,,
2577,18-Sep-22,5,2,4,,,,,,,,,
2585,03-May-23,5,1,4,,,,,,,,,
2600,28-Sep-22,5,2,4,,,,,,,,,
2631,08-Jan-23,5,1,4,,,,,,,,,
2686,23-Jan-23,5,3,4,,,,,,,,,
2713,22-Dec-22,5,2,4,,,,,,,,,
2724,01-Jan-23,5,3,4,,,,,,,,,
2742,25-Nov-22,5,3,4,,,,,,,,,
2749,24-Jun-23,5,3,4,,,,,,,,,
2755,15-Dec-22,5,5,4,,,,,,,,,
2794,03-Sep-22,5,4,4,,,,,,,,,
2808,13-Mar-23,5,2,4,,,,,,,,,
2825,22-Feb-23,5,4,4,,,,,,,,,
2831,13-Jul-23,5,1,4,,,,,,,,,
2843,03-Oct-22,5,1,4,,,,,,,,,
2924,16-May-23,5,4,4,,,,,,,,,
2931,20-Sep-22,5,4,4,,,,,,,,,
2978,29-Aug-22,5,2,4,,,,,,,,,
3013,13-Jul-23,5,2,4,,,,,,,,,
3021,19-Oct-22,5,3,4,,,,,,,,,
3040,23-Oct-22,5,1,4,,,,,,,,,
3041,18-May-23,5,5,4,,,,,,,,,
3060,14-Sep-22,5,2,4,,,,,,,,,
3097,08-Sep-22,5,3,4,,,,,,,,,
3099,07-Sep-22,5,4,4,,,,,,,,,
3188,23-Jul-23,5,2,4,,,,,,,,,
3270,26-Sep-22,5,5,4,,,,,,,,,
3293,29-Jun-23,5,3,4,,,,,,,,,
3315,20-Jun-23,5,3,4,,,,,,,,,
3319,05-Aug-22,5,3,4,,,,,,,,,
3368,15-Jun-23,5,1,4,,,,,,,,,
3378,12-Apr-23,5,1,4,,,,,,,,,
3406,16-Jul-23,5,5,4,,,,,,,,,
3409,03-Oct-22,5,5,4,,,,,,,,,
3412,24-Sep-22,5,4,4,,,,,,,,,
3414,06-Feb-23,5,2,4,,,,,,,,,
3418,26-Jun-23,5,3,4,,,,,,,,,
3430,16-Jun-23,5,5,4,,,,,,,,,
3447,08-May-23,5,1,4,,,,,,,,,
3457,21-Apr-23,5,1,4,,,,,,,,,
3472,26-Jul-23,5,5,4,,,,,,,,,
3481,02-Mar-23,5,2,4,,,,,,,,,
3597,27-Oct-22,5,4,4,,,,,,,,,
3625,28-Aug-22,5,2,4,,,,,,,,,
3646,30-Jul-23,5,4,4,,,,,,,,,
3745,13-Jan-23,5,4,4,,,,,,,,,
3808,27-Jan-23,5,4,4,,,,,,,,,
3821,05-Dec-22,5,4,4,,,,,,,,,
3841,18-May-23,5,4,4,,,,,,,,,
3848,02-Oct-22,5,1,4,,,,,,,,,
3852,30-May-23,5,2,4,,,,,,,,,
3855,24-Apr-23,5,3,4,,,,,,,,,
3856,17-Jan-23,5,1,4,,,,,,,,,
3910,29-Nov-22,5,3,4,,,,,,,,,
3932,23-Jun-23,5,5,4,,,,,,,,,
3935,05-Apr-23,5,1,4,,,,,,,,,
3936,25-Mar-23,5,3,4,,,,,,,,,
3939,09-Jan-23,5,2,4,,,,,,,,,
3944,26-Feb-23,5,3,4,,,,,,,,,
3967,05-Jan-23,5,3,4,,,,,,,,,
3984,24-Feb-23,5,5,4,,,,,,,,,
1013,13-Dec-22,5,4,3,,,,,,,,,
1083,09-Jan-23,5,5,3,,,,,,,,,
1085,09-Jan-23,5,5,3,,,,,,,,,
1127,27-Jan-23,5,1,3,,,,,,,,,
1189,19-Jul-23,5,5,3,,,,,,,,,
1193,15-Aug-22,5,2,3,,,,,,,,,
1221,17-Aug-22,5,5,3,,,,,,,,,
1233,01-May-23,5,5,3,,,,,,,,,
1235,23-Mar-23,5,5,3,,,,,,,,,
1243,04-May-23,5,2,3,,,,,,,,,
1251,03-Dec-22,5,5,3,,,,,,,,,
1311,09-Mar-23,5,2,3,,,,,,,,,
1314,28-Mar-23,5,5,3,,,,,,,,,
1324,16-Nov-22,5,3,3,,,,,,,,,
1416,11-May-23,5,4,3,,,,,,,,,
1433,06-Aug-22,5,1,3,,,,,,,,,
1443,12-Jun-23,5,2,3,,,,,,,,,
1444,21-Dec-22,5,5,3,,,,,,,,,
1477,24-Feb-23,5,5,3,,,,,,,,,
1509,25-Sep-22,5,1,3,,,,,,,,,
1531,23-Aug-22,5,5,3,,,,,,,,,
1561,01-Apr-23,5,1,3,,,,,,,,,
1576,07-May-23,5,2,3,,,,,,,,,
1590,20-Apr-23,5,1,3,,,,,,,,,
1606,28-Jun-23,5,4,3,,,,,,,,,
1612,13-Dec-22,5,5,3,,,,,,,,,
1624,24-Jul-23,5,1,3,,,,,,,,,
1650,29-Mar-23,5,1,3,,,,,,,,,
1679,01-Aug-23,5,4,3,,,,,,,,,
1707,21-Oct-22,5,4,3,,,,,,,,,
1742,20-May-23,5,5,3,,,,,,,,,
1753,30-May-23,5,3,3,,,,,,,,,
1820,23-Mar-23,5,4,3,,,,,,,,,
1847,23-Nov-22,5,2,3,,,,,,,,,
1868,26-Feb-23,5,3,3,,,,,,,,,
1873,14-Aug-22,5,2,3,,,,,,,,,
1878,13-Jan-23,5,3,3,,,,,,,,,
1917,31-Oct-22,5,2,3,,,,,,,,,
1981,23-Mar-23,5,4,3,,,,,,,,,
1987,18-Jul-23,5,1,3,,,,,,,,,
2086,05-Aug-22,5,4,3,,,,,,,,,
2089,16-Jun-23,5,3,3,,,,,,,,,
2156,03-Mar-23,5,1,3,,,,,,,,,
2165,28-Oct-22,5,3,3,,,,,,,,,
2190,31-Mar-23,5,2,3,,,,,,,,,
2196,01-Aug-23,5,2,3,,,,,,,,,
2204,01-Oct-22,5,2,3,,,,,,,,,
2208,07-Mar-23,5,3,3,,,,,,,,,
2272,05-Aug-22,5,5,3,,,,,,,,,
2273,26-Oct-22,5,2,3,,,,,,,,,
2275,24-Oct-22,5,4,3,,,,,,,,,
2307,22-Jul-23,5,2,3,,,,,,,,,
2313,04-Apr-23,5,2,3,,,,,,,,,
2319,29-Mar-23,5,4,3,,,,,,,,,
2320,12-Feb-23,5,1,3,,,,,,,,,
2358,07-Sep-22,5,3,3,,,,,,,,,
2426,21-Oct-22,5,5,3,,,,,,,,,
2468,23-Mar-23,5,4,3,,,,,,,,,
2471,23-Jan-23,5,5,3,,,,,,,,,
2472,22-Jun-23,5,2,3,,,,,,,,,
2483,08-Mar-23,5,1,3,,,,,,,,,
2499,01-May-23,5,5,3,,,,,,,,,
2583,20-May-23,5,5,3,,,,,,,,,
2615,05-Dec-22,5,1,3,,,,,,,,,
2618,01-Aug-23,5,3,3,,,,,,,,,
2625,11-Oct-22,5,5,3,,,,,,,,,
2627,15-Aug-22,5,3,3,,,,,,,,,
2633,01-Jul-23,5,2,3,,,,,,,,,
2636,20-Dec-22,5,3,3,,,,,,,,,
2647,23-Aug-22,5,5,3,,,,,,,,,
2656,15-Mar-23,5,4,3,,,,,,,,,
2666,24-May-23,5,5,3,,,,,,,,,
2678,18-Jul-23,5,3,3,,,,,,,,,
2695,04-Dec-22,5,2,3,,,,,,,,,
2701,20-Jul-23,5,5,3,,,,,,,,,
2737,20-Sep-22,5,5,3,,,,,,,,,
2777,02-Aug-23,5,1,3,,,,,,,,,
2828,26-Feb-23,5,5,3,,,,,,,,,
2834,30-Apr-23,5,3,3,,,,,,,,,
2891,27-May-23,5,2,3,,,,,,,,,
2902,23-Oct-22,5,4,3,,,,,,,,,
2910,05-May-23,5,1,3,,,,,,,,,
2914,29-May-23,5,3,3,,,,,,,,,
2921,15-Mar-23,5,2,3,,,,,,,,,
2940,18-Apr-23,5,1,3,,,,,,,,,
2955,12-Jun-23,5,2,3,,,,,,,,,
2982,13-Sep-22,5,4,3,,,,,,,,,
2991,23-Aug-22,5,5,3,,,,,,,,,
2994,16-Dec-22,5,5,3,,,,,,,,,
3001,13-Apr-23,5,4,3,,,,,,,,,
3043,01-May-23,5,3,3,,,,,,,,,
3052,22-Jul-23,5,1,3,,,,,,,,,
3055,29-Sep-22,5,1,3,,,,,,,,,
3061,19-Jul-23,5,1,3,,,,,,,,,
3084,06-Dec-22,5,3,3,,,,,,,,,
3095,21-Jul-23,5,2,3,,,,,,,,,
3104,11-Oct-22,5,2,3,,,,,,,,,
3112,20-Feb-23,5,2,3,,,,,,,,,
3160,20-Aug-22,5,5,3,,,,,,,,,
3173,13-Jul-23,5,4,3,,,,,,,,,
3186,12-Jun-23,5,2,3,,,,,,,,,
3200,28-May-23,5,1,3,,,,,,,,,
3208,22-Mar-23,5,1,3,,,,,,,,,
3220,22-Aug-22,5,4,3,,,,,,,,,
3231,11-Dec-22,5,3,3,,,,,,,,,
3232,01-Jul-23,5,2,3,,,,,,,,,
3292,14-Aug-22,5,4,3,,,,,,,,,
3335,01-Dec-22,5,1,3,,,,,,,,,
3340,14-Dec-22,5,2,3,,,,,,,,,
3425,25-Dec-22,5,2,3,,,,,,,,,
3453,17-Sep-22,5,5,3,,,,,,,,,
3465,19-May-23,5,4,3,,,,,,,,,
3476,03-Mar-23,5,5,3,,,,,,,,,
3503,28-Jan-23,5,2,3,,,,,,,,,
3512,20-Feb-23,5,1,3,,,,,,,,,
3548,06-Oct-22,5,5,3,,,,,,,,,
3579,27-Apr-23,5,3,3,,,,,,,,,
3603,08-Oct-22,5,1,3,,,,,,,,,
3605,09-Jul-23,5,1,3,,,,,,,,,
3612,07-Jul-23,5,3,3,,,,,,,,,
3684,16-Apr-23,5,5,3,,,,,,,,,
3710,28-Feb-23,5,5,3,,,,,,,,,
3716,19-Nov-22,5,3,3,,,,,,,,,
3867,31-Oct-22,5,3,3,,,,,,,,,
3872,15-Aug-22,5,5,3,,,,,,,,,
3882,19-Sep-22,5,3,3,,,,,,,,,
3897,28-Feb-23,5,4,3,,,,,,,,,
3940,25-Dec-22,5,4,3,,,,,,,,,
3964,28-Mar-23,5,2,3,,,,,,,,,
1006,03-May-23,5,2,1,,,,,,,,,
1024,12-Oct-22,5,3,1,,,,,,,,,
1036,09-Aug-22,5,2,1,,,,,,,,,
1040,27-Sep-22,5,3,1,,,,,,,,,
1103,06-Nov-22,5,3,1,,,,,,,,,
1151,12-Dec-22,5,3,1,,,,,,,,,
1217,23-Aug-22,5,5,1,,,,,,,,,
1222,31-Mar-23,5,2,1,,,,,,,,,
1270,16-Mar-23,5,5,1,,,,,,,,,
1289,09-May-23,5,3,1,,,,,,,,,
1313,18-Jul-23,5,4,1,,,,,,,,,
1315,29-Nov-22,5,1,1,,,,,,,,,
1326,04-Mar-23,5,3,1,,,,,,,,,
1360,31-Mar-23,5,2,1,,,,,,,,,
1473,11-Dec-22,5,2,1,,,,,,,,,
1484,25-Dec-22,5,2,1,,,,,,,,,
1577,29-Mar-23,5,2,1,,,,,,,,,
1578,03-Feb-23,5,5,1,,,,,,,,,
1660,17-Jun-23,5,5,1,,,,,,,,,
1754,29-Dec-22,5,5,1,,,,,,,,,
1809,07-Apr-23,5,2,1,,,,,,,,,
1846,21-Jun-23,5,4,1,,,,,,,,,
1905,15-Apr-23,5,2,1,,,,,,,,,
1994,04-Oct-22,5,5,1,,,,,,,,,
2003,19-Jun-23,5,5,1,,,,,,,,,
2018,31-Oct-22,5,2,1,,,,,,,,,
2042,24-Jun-23,5,2,1,,,,,,,,,
2053,23-Jun-23,5,3,1,,,,,,,,,
2067,14-Mar-23,5,2,1,,,,,,,,,
2072,21-Sep-22,5,4,1,,,,,,,,,
2076,07-Jan-23,5,5,1,,,,,,,,,
2095,21-Jul-23,5,3,1,,,,,,,,,
2106,28-Oct-22,5,5,1,,,,,,,,,
2114,08-Feb-23,5,4,1,,,,,,,,,
2115,25-Jan-23,5,2,1,,,,,,,,,
2233,03-Oct-22,5,1,1,,,,,,,,,
2269,14-Feb-23,5,5,1,,,,,,,,,
2292,15-Nov-22,5,1,1,,,,,,,,,
2293,19-Jun-23,5,3,1,,,,,,,,,
2297,14-Sep-22,5,4,1,,,,,,,,,
2303,01-Feb-23,5,5,1,,,,,,,,,
2346,06-Feb-23,5,3,1,,,,,,,,,
2349,05-Nov-22,5,5,1,,,,,,,,,
2354,10-Jun-23,5,1,1,,,,,,,,,
2368,06-Nov-22,5,2,1,,,,,,,,,
2451,17-Mar-23,5,3,1,,,,,,,,,
2458,19-Sep-22,5,3,1,,,,,,,,,
2517,05-Jul-23,5,5,1,,,,,,,,,
2611,25-Jun-23,5,3,1,,,,,,,,,
2614,19-Nov-22,5,1,1,,,,,,,,,
2660,23-Aug-22,5,1,1,,,,,,,,,
2673,13-Oct-22,5,1,1,,,,,,,,,
2795,06-Jun-23,5,1,1,,,,,,,,,
2823,23-Jan-23,5,2,1,,,,,,,,,
2836,13-Aug-22,5,4,1,,,,,,,,,
2849,09-Feb-23,5,1,1,,,,,,,,,
2853,31-Jul-23,5,1,1,,,,,,,,,
2881,20-Oct-22,5,4,1,,,,,,,,,
2886,17-Feb-23,5,5,1,,,,,,,,,
2887,24-Jun-23,5,1,1,,,,,,,,,
2896,01-Jul-23,5,4,1,,,,,,,,,
2928,28-Aug-22,5,4,1,,,,,,,,,
2935,14-Feb-23,5,1,1,,,,,,,,,
2954,24-Jul-23,5,2,1,,,,,,,,,
2956,06-Feb-23,5,4,1,,,,,,,,,
2993,14-Dec-22,5,5,1,,,,,,,,,
3028,01-Apr-23,5,4,1,,,,,,,,,
3045,12-Jan-23,5,4,1,,,,,,,,,
3066,04-Dec-22,5,4,1,,,,,,,,,
3075,20-Jul-23,5,3,1,,,,,,,,,
3101,08-Jun-23,5,4,1,,,,,,,,,
3138,10-Jul-23,5,3,1,,,,,,,,,
3146,05-Sep-22,5,1,1,,,,,,,,,
3167,27-Feb-23,5,2,1,,,,,,,,,
3175,03-Feb-23,5,4,1,,,,,,,,,
3178,07-Oct-22,5,2,1,,,,,,,,,
3179,27-May-23,5,2,1,,,,,,,,,
3181,05-Apr-23,5,4,1,,,,,,,,,
3192,26-Jun-23,5,4,1,,,,,,,,,
3195,23-Mar-23,5,4,1,,,,,,,,,
3233,31-Dec-22,5,3,1,,,,,,,,,
3259,07-Nov-22,5,2,1,,,,,,,,,
3260,27-Oct-22,5,2,1,,,,,,,,,
3279,01-Apr-23,5,2,1,,,,,,,,,
3282,30-Apr-23,5,1,1,,,,,,,,,
3311,31-Jul-23,5,2,1,,,,,,,,,
3327,13-Dec-22,5,1,1,,,,,,,,,
3344,13-Jul-23,5,4,1,,,,,,,,,
3348,18-Sep-22,5,2,1,,,,,,,,,
3398,15-Aug-22,5,2,1,,,,,,,,,
3469,01-Aug-23,5,5,1,,,,,,,,,
3487,23-Sep-22,5,4,1,,,,,,,,,
3520,17-Sep-22,5,1,1,,,,,,,,,
3665,02-Mar-23,5,2,1,,,,,,,,,
3666,26-Apr-23,5,2,1,,,,,,,,,
3774,11-Apr-23,5,3,1,,,,,,,,,
3781,09-Aug-22,5,3,1,,,,,,,,,
3823,16-Nov-22,5,4,1,,,,,,,,,
3835,01-Oct-22,5,3,1,,,,,,,,,
3837,15-Oct-22,5,3,1,,,,,,,,,
3847,04-Oct-22,5,3,1,,,,,,,,,
3851,27-Aug-22,5,2,1,,,,,,,,,
3875,02-Feb-23,5,5,1,,,,,,,,,
3896,14-Feb-23,5,3,1,,,,,,,,,
3900,09-Mar-23,5,2,1,,,,,,,,,
3915,01-Feb-23,5,3,1,,,,,,,,,
3922,15-Feb-23,5,3,1,,,,,,,,,
3927,04-May-23,5,4,1,,,,,,,,,
3958,10-Apr-23,5,3,1,,,,,,,,,
3968,14-Dec-22,5,5,1,,,,,,,,,
3972,29-Oct-22,5,4,1,,,,,,,,,
3987,22-Dec-22,5,4,1,,,,,,,,,
1008,21-Jun-23,5,2,2,,,,,,,,,
1031,27-Feb-23,5,3,2,,,,,,,,,
1038,10-Mar-23,5,1,2,,,,,,,,,
1140,04-May-23,5,3,2,,,,,,,,,
1141,26-Dec-22,5,5,2,,,,,,,,,
1144,03-Nov-22,5,3,2,,,,,,,,,
1173,16-Jun-23,5,5,2,,,,,,,,,
1194,04-Dec-22,5,4,2,,,,,,,,,
1195,30-Jan-23,5,3,2,,,,,,,,,
1248,05-Dec-22,5,3,2,,,,,,,,,
1290,12-Apr-23,5,4,2,,,,,,,,,
1294,03-Aug-23,5,4,2,,,,,,,,,
1318,21-May-23,5,4,2,,,,,,,,,
1363,19-Jun-23,5,2,2,,,,,,,,,
1365,08-Oct-22,5,1,2,,,,,,,,,
1387,29-Mar-23,5,1,2,,,,,,,,,
1450,22-Apr-23,5,1,2,,,,,,,,,
1486,05-Mar-23,5,5,2,,,,,,,,,
1504,23-Oct-22,5,3,2,,,,,,,,,
1528,25-Feb-23,5,5,2,,,,,,,,,
1532,04-Aug-23,5,2,2,,,,,,,,,
1555,19-Dec-22,5,1,2,,,,,,,,,
1600,28-Apr-23,5,3,2,,,,,,,,,
1617,08-Feb-23,5,1,2,,,,,,,,,
1620,30-Oct-22,5,3,2,,,,,,,,,
1625,16-Aug-22,5,2,2,,,,,,,,,
1701,29-Apr-23,5,3,2,,,,,,,,,
1709,10-May-23,5,4,2,,,,,,,,,
1760,16-Mar-23,5,3,2,,,,,,,,,
1765,24-Dec-22,5,5,2,,,,,,,,,
1773,20-Nov-22,5,5,2,,,,,,,,,
1822,27-Aug-22,5,2,2,,,,,,,,,
1835,11-Apr-23,5,2,2,,,,,,,,,
1863,04-Jul-23,5,2,2,,,,,,,,,
1880,13-Apr-23,5,1,2,,,,,,,,,
1903,17-Dec-22,5,5,2,,,,,,,,,
1913,21-Jan-23,5,4,2,,,,,,,,,
1932,17-Jan-23,5,5,2,,,,,,,,,
1957,17-Mar-23,5,2,2,,,,,,,,,
1984,07-Aug-22,5,2,2,,,,,,,,,
1985,04-Mar-23,5,5,2,,,,,,,,,
2006,21-Oct-22,5,5,2,,,,,,,,,
2009,27-Feb-23,5,2,2,,,,,,,,,
2038,18-Feb-23,5,3,2,,,,,,,,,
2039,06-Oct-22,5,2,2,,,,,,,,,
2055,28-Oct-22,5,4,2,,,,,,,,,
2078,21-Oct-22,5,5,2,,,,,,,,,
2129,30-Sep-22,5,5,2,,,,,,,,,
2188,25-Jan-23,5,4,2,,,,,,,,,
2219,29-Mar-23,5,2,2,,,,,,,,,
2253,26-Jun-23,5,1,2,,,,,,,,,
2266,27-Apr-23,5,3,2,,,,,,,,,
2276,16-Sep-22,5,2,2,,,,,,,,,
2278,21-Aug-22,5,4,2,,,,,,,,,
2300,08-Oct-22,5,1,2,,,,,,,,,
2304,29-Jun-23,5,1,2,,,,,,,,,
2311,15-Mar-23,5,3,2,,,,,,,,,
2333,19-Apr-23,5,4,2,,,,,,,,,
2450,21-Jan-23,5,3,2,,,,,,,,,
2470,21-Oct-22,5,5,2,,,,,,,,,
2495,10-Jan-23,5,1,2,,,,,,,,,
2514,10-Jun-23,5,2,2,,,,,,,,,
2592,27-Jun-23,5,1,2,,,,,,,,,
2598,21-May-23,5,3,2,,,,,,,,,
2602,10-Feb-23,5,5,2,,,,,,,,,
2610,04-Nov-22,5,1,2,,,,,,,,,
2628,06-Dec-22,5,4,2,,,,,,,,,
2659,22-May-23,5,3,2,,,,,,,,,
2664,13-Jun-23,5,2,2,,,,,,,,,
2672,04-Jun-23,5,2,2,,,,,,,,,
2702,12-Apr-23,5,1,2,,,,,,,,,
2735,02-Jun-23,5,1,2,,,,,,,,,
2804,05-Dec-22,5,4,2,,,,,,,,,
2805,19-May-23,5,3,2,,,,,,,,,
2870,28-Nov-22,5,3,2,,,,,,,,,
2911,27-Oct-22,5,2,2,,,,,,,,,
2919,11-Jun-23,5,1,2,,,,,,,,,
2923,06-May-23,5,1,2,,,,,,,,,
2952,01-Apr-23,5,3,2,,,,,,,,,
2981,21-Sep-22,5,3,2,,,,,,,,,
3049,10-Oct-22,5,3,2,,,,,,,,,
3054,14-Nov-22,5,5,2,,,,,,,,,
3056,08-Apr-23,5,5,2,,,,,,,,,
3106,29-Apr-23,5,1,2,,,,,,,,,
3123,12-Jul-23,5,2,2,,,,,,,,,
3168,05-Aug-23,5,2,2,,,,,,,,,
3197,20-Sep-22,5,5,2,,,,,,,,,
3237,10-Feb-23,5,1,2,,,,,,,,,
3251,09-Apr-23,5,1,2,,,,,,,,,
3272,02-Mar-23,5,5,2,,,,,,,,,
3287,31-Mar-23,5,1,2,,,,,,,,,
3302,24-Sep-22,5,1,2,,,,,,,,,
3337,21-Feb-23,5,5,2,,,,,,,,,
3346,25-May-23,5,3,2,,,,,,,,,
3421,15-Feb-23,5,4,2,,,,,,,,,
3436,30-Jul-23,5,5,2,,,,,,,,,
3451,29-Apr-23,5,1,2,,,,,,,,,
3452,19-Jan-23,5,5,2,,,,,,,,,
3490,12-Oct-22,5,3,2,,,,,,,,,
3528,27-May-23,5,2,2,,,,,,,,,
3630,19-Oct-22,5,3,2,,,,,,,,,
3656,14-Nov-22,5,3,2,,,,,,,,,
3658,02-Aug-23,5,4,2,,,,,,,,,
3664,30-May-23,5,3,2,,,,,,,,,
3675,05-May-23,5,3,2,,,,,,,,,
3708,21-Aug-22,5,5,2,,,,,,,,,
3728,18-Apr-23,5,1,2,,,,,,,,,
3755,11-Jul-23,5,4,2,,,,,,,,,
3892,11-Jul-23,5,4,2,,,,,,,,,
3943,06-Aug-22,5,2,2,,,,,,,,,
3985,28-Sep-22,5,4,2,,,,,,,,,
3998,22-Feb-23,5,5,2,,,,,,,,,
3999,02-Oct-22,5,4,2,,,,,,,,,
1026,09-Oct-22,5,2,5,,,,,,,,,
1094,22-Jan-23,5,4,5,,,,,,,,,
1164,23-Oct-22,5,5,5,,,,,,,,,
1208,18-Aug-22,5,1,5,,,,,,,,,
1260,21-Feb-23,5,2,5,,,,,,,,,
1284,24-Nov-22,5,1,5,,,,,,,,,
1291,24-May-23,5,4,5,,,,,,,,,
1303,01-Jan-23,5,3,5,,,,,,,,,
1320,12-Jan-23,5,1,5,,,,,,,,,
1323,02-May-23,5,1,5,,,,,,,,,
1353,11-Oct-22,5,1,5,,,,,,,,,
1362,11-Jan-23,5,2,5,,,,,,,,,
1379,28-Feb-23,5,2,5,,,,,,,,,
1411,25-Jun-23,5,4,5,,,,,,,,,
1459,10-Sep-22,5,2,5,,,,,,,,,
1463,13-Mar-23,5,4,5,,,,,,,,,
1494,06-May-23,5,5,5,,,,,,,,,
1497,29-Jul-23,5,4,5,,,,,,,,,
1502,08-Jun-23,5,3,5,,,,,,,,,
1513,18-Nov-22,5,3,5,,,,,,,,,
1536,19-Mar-23,5,3,5,,,,,,,,,
1544,20-Jun-23,5,1,5,,,,,,,,,
1565,16-Jun-23,5,4,5,,,,,,,,,
1645,26-Sep-22,5,5,5,,,,,,,,,
1671,08-Jul-23,5,3,5,,,,,,,,,
1677,10-Mar-23,5,4,5,,,,,,,,,
1680,01-Mar-23,5,4,5,,,,,,,,,
1689,26-Apr-23,5,3,5,,,,,,,,,
1718,19-Jul-23,5,4,5,,,,,,,,,
1723,16-Sep-22,5,1,5,,,,,,,,,
1757,18-Aug-22,5,4,5,,,,,,,,,
1758,18-Aug-22,5,3,5,,,,,,,,,
1964,21-Nov-22,5,5,5,,,,,,,,,
1980,17-May-23,5,4,5,,,,,,,,,
2001,09-Feb-23,5,3,5,,,,,,,,,
2022,11-Nov-22,5,3,5,,,,,,,,,
2044,14-Nov-22,5,1,5,,,,,,,,,
2050,03-Apr-23,5,4,5,,,,,,,,,
2060,26-Jun-23,5,5,5,,,,,,,,,
2113,31-Aug-22,5,1,5,,,,,,,,,
2149,21-May-23,5,3,5,,,,,,,,,
2201,24-Jun-23,5,1,5,,,,,,,,,
2202,24-Jun-23,5,4,5,,,,,,,,,
2336,10-Aug-22,5,1,5,,,,,,,,,
2362,21-Jan-23,5,4,5,,,,,,,,,
2383,21-Nov-22,5,3,5,,,,,,,,,
2412,10-Apr-23,5,4,5,,,,,,,,,
2422,18-Oct-22,5,4,5,,,,,,,,,
2434,14-Aug-22,5,2,5,,,,,,,,,
2459,14-Oct-22,5,5,5,,,,,,,,,
2497,27-Oct-22,5,2,5,,,,,,,,,
2498,05-Jul-23,5,3,5,,,,,,,,,
2516,15-May-23,5,1,5,,,,,,,,,
2538,02-Oct-22,5,4,5,,,,,,,,,
2560,19-Oct-22,5,1,5,,,,,,,,,
2588,12-Dec-22,5,1,5,,,,,,,,,
2698,24-May-23,5,4,5,,,,,,,,,
2719,09-Nov-22,5,5,5,,,,,,,,,
2748,04-Aug-23,5,2,5,,,,,,,,,
2776,26-Dec-22,5,3,5,,,,,,,,,
2857,24-Dec-22,5,2,5,,,,,,,,,
2888,01-Jun-23,5,2,5,,,,,,,,,
2941,14-Dec-22,5,2,5,,,,,,,,,
2966,06-Mar-23,5,2,5,,,,,,,,,
2970,23-Oct-22,5,5,5,,,,,,,,,
3015,04-Dec-22,5,5,5,,,,,,,,,
3038,06-Oct-22,5,5,5,,,,,,,,,
3088,05-Nov-22,5,3,5,,,,,,,,,
3089,08-Jun-23,5,3,5,,,,,,,,,
3113,07-Oct-22,5,2,5,,,,,,,,,
3136,21-Jun-23,5,3,5,,,,,,,,,
3176,09-Feb-23,5,3,5,,,,,,,,,
3185,20-Aug-22,5,4,5,,,,,,,,,
3238,05-Apr-23,5,3,5,,,,,,,,,
3239,13-Jun-23,5,2,5,,,,,,,,,
3305,08-Aug-22,5,4,5,,,,,,,,,
3323,09-Nov-22,5,3,5,,,,,,,,,
3448,28-Mar-23,5,1,5,,,,,,,,,
3499,21-Jul-23,5,3,5,,,,,,,,,
3502,24-Apr-23,5,3,5,,,,,,,,,
3511,11-May-23,5,4,5,,,,,,,,,
3565,29-Sep-22,5,5,5,,,,,,,,,
3572,05-Dec-22,5,5,5,,,,,,,,,
3575,26-Jun-23,5,1,5,,,,,,,,,
3577,14-Aug-22,5,4,5,,,,,,,,,
3681,13-Aug-22,5,2,5,,,,,,,,,
3703,02-Jun-23,5,5,5,,,,,,,,,
3721,07-Feb-23,5,4,5,,,,,,,,,
3800,08-Dec-22,5,3,5,,,,,,,,,
3854,18-Jul-23,5,2,5,,,,,,,,,
3881,20-Oct-22,5,3,5,,,,,,,,,
3885,30-Jul-23,5,5,5,,,,,,,,,
3886,30-Aug-22,5,2,5,,,,,,,,,
3905,12-Jun-23,5,5,5,,,,,,,,,
3949,22-Apr-23,5,2,5,,,,,,,,,
3954,18-Jun-23,5,1,5,,,,,,,,,
3959,30-Jun-23,5,4,5,,,,,,,,,
3966,03-Oct-22,5,5,5,,,,,,,,,
3970,14-Jan-23,5,1,5,,,,,,,,,
3988,20-May-23,5,2,5,,,,,,,,,
1055,23-Sep-22,3,4,1,,,,,,,,,
1061,05-Feb-23,3,3,1,,,,,,,,,
1062,03-Jan-23,3,2,1,,,,,,,,,
1074,10-Feb-23,3,4,1,,,,,,,,,
1165,09-Jan-23,3,3,1,,,,,,,,,
1179,10-Jul-23,3,5,1,,,,,,,,,
1192,24-Dec-22,3,1,1,,,,,,,,,
1211,16-Mar-23,3,3,1,,,,,,,,,
1255,03-Nov-22,3,1,1,,,,,,,,,
1262,16-Dec-22,3,4,1,,,,,,,,,
1282,04-Oct-22,3,3,1,,,,,,,,,
1304,11-Apr-23,3,5,1,,,,,,,,,
1407,16-Feb-23,3,3,1,,,,,,,,,
1562,21-Apr-23,3,2,1,,,,,,,,,
1616,29-Jan-23,3,4,1,,,,,,,,,
1644,01-Apr-23,3,1,1,,,,,,,,,
1693,18-Dec-22,3,5,1,,,,,,,,,
1761,20-Feb-23,3,2,1,,,,,,,,,
1771,03-Jun-23,3,2,1,,,,,,,,,
1782,07-Jul-23,3,4,1,,,,,,,,,
1805,09-Jul-23,3,3,1,,,,,,,,,
1814,15-Apr-23,3,3,1,,,,,,,,,
1819,11-Dec-22,3,1,1,,,,,,,,,
1824,15-Mar-23,3,1,1,,,,,,,,,
1852,02-May-23,3,4,1,,,,,,,,,
1864,10-Dec-22,3,2,1,,,,,,,,,
1924,05-Sep-22,3,5,1,,,,,,,,,
1927,13-Dec-22,3,2,1,,,,,,,,,
1946,05-Jan-23,3,5,1,,,,,,,,,
1950,17-Sep-22,3,2,1,,,,,,,,,
1960,06-Jan-23,3,4,1,,,,,,,,,
1965,15-Feb-23,3,1,1,,,,,,,,,
1971,27-May-23,3,2,1,,,,,,,,,
1978,08-Jun-23,3,5,1,,,,,,,,,
1990,31-Aug-22,3,1,1,,,,,,,,,
2056,12-Jul-23,3,4,1,,,,,,,,,
2091,21-Feb-23,3,1,1,,,,,,,,,
2146,24-Feb-23,3,1,1,,,,,,,,,
2207,29-Mar-23,3,3,1,,,,,,,,,
2229,22-Apr-23,3,1,1,,,,,,,,,
2291,20-Aug-22,3,4,1,,,,,,,,,
2298,04-Nov-22,3,2,1,,,,,,,,,
2404,01-May-23,3,3,1,,,,,,,,,
2452,02-Sep-22,3,3,1,,,,,,,,,
2455,11-Jun-23,3,3,1,,,,,,,,,
2465,06-Jan-23,3,3,1,,,,,,,,,
2550,01-Jan-23,3,1,1,,,,,,,,,
2570,15-Apr-23,3,3,1,,,,,,,,,
2622,06-Oct-22,3,5,1,,,,,,,,,
2658,22-Oct-22,3,1,1,,,,,,,,,
2663,07-Aug-22,3,4,1,,,,,,,,,
2685,09-Jul-23,3,1,1,,,,,,,,,
2700,17-Jan-23,3,5,1,,,,,,,,,
2715,11-Jan-23,3,5,1,,,,,,,,,
2728,03-Dec-22,3,2,1,,,,,,,,,
2729,24-Feb-23,3,5,1,,,,,,,,,
2733,03-Apr-23,3,4,1,,,,,,,,,
2752,07-May-23,3,5,1,,,,,,,,,
2783,06-Jan-23,3,1,1,,,,,,,,,
2868,13-Feb-23,3,4,1,,,,,,,,,
2872,08-Jun-23,3,5,1,,,,,,,,,
2874,14-Mar-23,3,5,1,,,,,,,,,
2893,14-Oct-22,3,1,1,,,,,,,,,
3012,22-Jan-23,3,5,1,,,,,,,,,
3062,20-May-23,3,4,1,,,,,,,,,
3068,12-May-23,3,2,1,,,,,,,,,
3081,20-Apr-23,3,3,1,,,,,,,,,
3134,20-Nov-22,3,2,1,,,,,,,,,
3139,29-Nov-22,3,2,1,,,,,,,,,
3151,24-Feb-23,3,3,1,,,,,,,,,
3196,31-Oct-22,3,3,1,,,,,,,,,
3209,13-Jan-23,3,3,1,,,,,,,,,
3210,11-Jul-23,3,5,1,,,,,,,,,
3225,30-Sep-22,3,1,1,,,,,,,,,
3235,22-Oct-22,3,4,1,,,,,,,,,
3242,09-Jun-23,3,3,1,,,,,,,,,
3289,13-Jun-23,3,5,1,,,,,,,,,
3306,17-Dec-22,3,5,1,,,,,,,,,
3342,12-Dec-22,3,4,1,,,,,,,,,
3357,07-Dec-22,3,3,1,,,,,,,,,
3449,30-Jun-23,3,2,1,,,,,,,,,
3462,08-Nov-22,3,3,1,,,,,,,,,
3478,29-Nov-22,3,4,1,,,,,,,,,
3486,27-Aug-22,3,1,1,,,,,,,,,
3559,27-Dec-22,3,2,1,,,,,,,,,
3606,27-Mar-23,3,5,1,,,,,,,,,
3673,08-Jun-23,3,3,1,,,,,,,,,
3676,07-Sep-22,3,4,1,,,,,,,,,
3686,03-Jan-23,3,3,1,,,,,,,,,
3693,09-Apr-23,3,1,1,,,,,,,,,
3697,20-Jul-23,3,4,1,,,,,,,,,
3713,30-Oct-22,3,4,1,,,,,,,,,
3759,28-Nov-22,3,4,1,,,,,,,,,
3790,31-Jul-23,3,2,1,,,,,,,,,
3810,22-Dec-22,3,3,1,,,,,,,,,
3812,11-Jan-23,3,3,1,,,,,,,,,
3817,24-Jun-23,3,3,1,,,,,,,,,
3829,30-Oct-22,3,2,1,,,,,,,,,
3849,07-Sep-22,3,3,1,,,,,,,,,
3858,07-May-23,3,3,1,,,,,,,,,
3902,02-Feb-23,3,1,1,,,,,,,,,
3942,02-Feb-23,3,4,1,,,,,,,,,
3960,14-Jul-23,3,4,1,,,,,,,,,
3973,17-Aug-22,3,2,1,,,,,,,,,
3996,14-Apr-23,3,5,1,,,,,,,,,
4000,21-Apr-23,3,2,1,,,,,,,,,
1049,27-Jul-23,3,5,2,,,,,,,,,
1068,09-Oct-22,3,2,2,,,,,,,,,
1069,04-Feb-23,3,1,2,,,,,,,,,
1070,05-Mar-23,3,1,2,,,,,,,,,
1126,23-Apr-23,3,3,2,,,,,,,,,
1146,21-Sep-22,3,2,2,,,,,,,,,
1153,28-Feb-23,3,4,2,,,,,,,,,
1162,05-Oct-22,3,3,2,,,,,,,,,
1198,12-Dec-22,3,2,2,,,,,,,,,
1206,17-Oct-22,3,4,2,,,,,,,,,
1280,12-Nov-22,3,2,2,,,,,,,,,
1285,05-Jul-23,3,2,2,,,,,,,,,
1287,30-Jul-23,3,5,2,,,,,,,,,
1330,25-Sep-22,3,5,2,,,,,,,,,
1342,20-Dec-22,3,2,2,,,,,,,,,
1417,31-Dec-22,3,5,2,,,,,,,,,
1428,04-Jun-23,3,5,2,,,,,,,,,
1467,13-Aug-22,3,4,2,,,,,,,,,
1471,23-Dec-22,3,4,2,,,,,,,,,
1479,23-Aug-22,3,4,2,,,,,,,,,
1489,13-Oct-22,3,5,2,,,,,,,,,
1558,09-Oct-22,3,5,2,,,,,,,,,
1642,14-Apr-23,3,2,2,,,,,,,,,
1649,28-Jul-23,3,1,2,,,,,,,,,
1655,25-Sep-22,3,1,2,,,,,,,,,
1669,13-Sep-22,3,1,2,,,,,,,,,
1691,30-Nov-22,3,1,2,,,,,,,,,
1741,22-Aug-22,3,4,2,,,,,,,,,
1796,23-Nov-22,3,5,2,,,,,,,,,
1828,27-Nov-22,3,3,2,,,,,,,,,
1850,09-May-23,3,1,2,,,,,,,,,
1866,12-Oct-22,3,5,2,,,,,,,,,
1883,09-Oct-22,3,4,2,,,,,,,,,
1909,23-Nov-22,3,5,2,,,,,,,,,
1926,20-Aug-22,3,4,2,,,,,,,,,
1996,01-Aug-23,3,5,2,,,,,,,,,
1997,16-Feb-23,3,3,2,,,,,,,,,
1999,12-Jul-23,3,2,2,,,,,,,,,
2011,27-Jan-23,3,2,2,,,,,,,,,
2084,26-May-23,3,2,2,,,,,,,,,
2105,24-Jul-23,3,4,2,,,,,,,,,
2122,25-Jan-23,3,3,2,,,,,,,,,
2130,30-Mar-23,3,5,2,,,,,,,,,
2228,20-Jan-23,3,2,2,,,,,,,,,
2393,12-May-23,3,2,2,,,,,,,,,
2396,14-Dec-22,3,4,2,,,,,,,,,
2402,29-Oct-22,3,2,2,,,,,,,,,
2429,06-Nov-22,3,4,2,,,,,,,,,
2437,17-Oct-22,3,5,2,,,,,,,,,
2460,24-Mar-23,3,4,2,,,,,,,,,
2506,04-Sep-22,3,3,2,,,,,,,,,
2522,13-Aug-22,3,3,2,,,,,,,,,
2566,19-May-23,3,2,2,,,,,,,,,
2568,22-Jun-23,3,5,2,,,,,,,,,
2593,04-Apr-23,3,1,2,,,,,,,,,
2607,26-Feb-23,3,1,2,,,,,,,,,
2661,25-Feb-23,3,3,2,,,,,,,,,
2683,23-Dec-22,3,4,2,,,,,,,,,
2684,14-Sep-22,3,4,2,,,,,,,,,
2705,08-Jul-23,3,2,2,,,,,,,,,
2716,28-Sep-22,3,2,2,,,,,,,,,
2720,12-Dec-22,3,3,2,,,,,,,,,
2722,18-Dec-22,3,4,2,,,,,,,,,
2751,27-Dec-22,3,1,2,,,,,,,,,
2757,30-Apr-23,3,4,2,,,,,,,,,
2762,08-Jan-23,3,1,2,,,,,,,,,
2780,29-Aug-22,3,5,2,,,,,,,,,
2798,29-May-23,3,4,2,,,,,,,,,
2845,14-Nov-22,3,4,2,,,,,,,,,
2866,09-Jul-23,3,3,2,,,,,,,,,
2876,21-Dec-22,3,3,2,,,,,,,,,
2897,04-Apr-23,3,5,2,,,,,,,,,
2915,29-Apr-23,3,4,2,,,,,,,,,
2947,11-Feb-23,3,4,2,,,,,,,,,
2985,14-Jul-23,3,5,2,,,,,,,,,
2996,27-Aug-22,3,2,2,,,,,,,,,
3006,28-Feb-23,3,5,2,,,,,,,,,
3014,19-Mar-23,3,4,2,,,,,,,,,
3016,29-Nov-22,3,1,2,,,,,,,,,
3019,11-Sep-22,3,4,2,,,,,,,,,
3037,14-Jan-23,3,4,2,,,,,,,,,
3065,01-Dec-22,3,1,2,,,,,,,,,
3067,26-Dec-22,3,1,2,,,,,,,,,
3150,29-Aug-22,3,2,2,,,,,,,,,
3177,20-Apr-23,3,4,2,,,,,,,,,
3214,14-Apr-23,3,1,2,,,,,,,,,
3227,21-Nov-22,3,5,2,,,,,,,,,
3245,18-Nov-22,3,5,2,,,,,,,,,
3294,28-Jan-23,3,2,2,,,,,,,,,
3392,02-Oct-22,3,4,2,,,,,,,,,
3397,22-Mar-23,3,3,2,,,,,,,,,
3474,09-May-23,3,1,2,,,,,,,,,
3552,14-Oct-22,3,4,2,,,,,,,,,
3714,21-Jul-23,3,5,2,,,,,,,,,
3784,04-Mar-23,3,3,2,,,,,,,,,
3785,05-May-23,3,2,2,,,,,,,,,
3786,29-Dec-22,3,4,2,,,,,,,,,
3788,05-May-23,3,4,2,,,,,,,,,
3797,03-Sep-22,3,4,2,,,,,,,,,
3804,07-Mar-23,3,2,2,,,,,,,,,
3833,04-Feb-23,3,5,2,,,,,,,,,
3864,11-Nov-22,3,4,2,,,,,,,,,
3868,16-Sep-22,3,1,2,,,,,,,,,
3891,06-Jul-23,3,2,2,,,,,,,,,
3893,26-Jan-23,3,1,2,,,,,,,,,
3919,02-May-23,3,3,2,,,,,,,,,
3934,07-Apr-23,3,3,2,,,,,,,,,
3971,23-Mar-23,3,3,2,,,,,,,,,
3979,09-Dec-22,3,5,2,,,,,,,,,
3994,14-Feb-23,3,5,2,,,,,,,,,
1012,13-Jan-23,3,5,4,,,,,,,,,
1029,07-Nov-22,3,5,4,,,,,,,,,
1041,19-Jan-23,3,1,4,,,,,,,,,
1046,18-Feb-23,3,5,4,,,,,,,,,
1048,19-Oct-22,3,1,4,,,,,,,,,
1078,28-Jul-23,3,3,4,,,,,,,,,
1093,05-Mar-23,3,1,4,,,,,,,,,
1116,16-Dec-22,3,4,4,,,,,,,,,
1120,05-Jun-23,3,3,4,,,,,,,,,
1145,24-Oct-22,3,3,4,,,,,,,,,
1150,28-Dec-22,3,4,4,,,,,,,,,
1161,09-Apr-23,3,4,4,,,,,,,,,
1197,09-Nov-22,3,5,4,,,,,,,,,
1258,16-Apr-23,3,5,4,,,,,,,,,
1264,21-Apr-23,3,5,4,,,,,,,,,
1337,01-Nov-22,3,3,4,,,,,,,,,
1372,30-Jul-23,3,1,4,,,,,,,,,
1440,02-Nov-22,3,1,4,,,,,,,,,
1483,19-Aug-22,3,5,4,,,,,,,,,
1495,30-Dec-22,3,3,4,,,,,,,,,
1552,31-May-23,3,2,4,,,,,,,,,
1571,04-Jun-23,3,2,4,,,,,,,,,
1586,16-Jul-23,3,3,4,,,,,,,,,
1666,12-Aug-22,3,3,4,,,,,,,,,
1698,21-Mar-23,3,5,4,,,,,,,,,
1748,12-Feb-23,3,2,4,,,,,,,,,
1778,19-Nov-22,3,5,4,,,,,,,,,
1798,27-Jan-23,3,2,4,,,,,,,,,
1875,05-Aug-23,3,1,4,,,,,,,,,
1923,29-Jul-23,3,4,4,,,,,,,,,
1930,27-Dec-22,3,3,4,,,,,,,,,
1941,16-Sep-22,3,5,4,,,,,,,,,
2004,05-May-23,3,3,4,,,,,,,,,
2023,10-Oct-22,3,4,4,,,,,,,,,
2045,05-Jun-23,3,1,4,,,,,,,,,
2074,05-Jul-23,3,2,4,,,,,,,,,
2085,13-Oct-22,3,4,4,,,,,,,,,
2096,28-May-23,3,4,4,,,,,,,,,
2118,20-Mar-23,3,2,4,,,,,,,,,
2126,14-Apr-23,3,4,4,,,,,,,,,
2152,30-Mar-23,3,1,4,,,,,,,,,
2162,17-Feb-23,3,5,4,,,,,,,,,
2242,26-Feb-23,3,2,4,,,,,,,,,
2247,16-Feb-23,3,4,4,,,,,,,,,
2260,05-Aug-23,3,1,4,,,,,,,,,
2263,28-Nov-22,3,1,4,,,,,,,,,
2277,25-Nov-22,3,4,4,,,,,,,,,
2295,26-Nov-22,3,5,4,,,,,,,,,
2301,26-Jul-23,3,1,4,,,,,,,,,
2326,19-Apr-23,3,1,4,,,,,,,,,
2461,03-Dec-22,3,2,4,,,,,,,,,
2524,10-Jul-23,3,3,4,,,,,,,,,
2540,16-Apr-23,3,4,4,,,,,,,,,
2561,15-Apr-23,3,5,4,,,,,,,,,
2574,20-Mar-23,3,1,4,,,,,,,,,
2579,05-Aug-23,3,4,4,,,,,,,,,
2595,18-Dec-22,3,5,4,,,,,,,,,
2609,29-Apr-23,3,3,4,,,,,,,,,
2621,02-Jan-23,3,5,4,,,,,,,,,
2694,29-Dec-22,3,4,4,,,,,,,,,
2750,11-Jul-23,3,4,4,,,,,,,,,
2753,05-May-23,3,1,4,,,,,,,,,
2767,14-Dec-22,3,3,4,,,,,,,,,
2792,09-Sep-22,3,4,4,,,,,,,,,
2807,13-Jan-23,3,2,4,,,,,,,,,
2875,12-Jun-23,3,5,4,,,,,,,,,
2884,08-Aug-22,3,2,4,,,,,,,,,
2933,02-May-23,3,1,4,,,,,,,,,
2942,17-Oct-22,3,3,4,,,,,,,,,
2971,14-Oct-22,3,5,4,,,,,,,,,
3026,17-Oct-22,3,2,4,,,,,,,,,
3027,17-Feb-23,3,2,4,,,,,,,,,
3090,15-Jan-23,3,2,4,,,,,,,,,
3098,23-May-23,3,5,4,,,,,,,,,
3125,08-Jul-23,3,5,4,,,,,,,,,
3128,25-Apr-23,3,5,4,,,,,,,,,
3141,16-Feb-23,3,1,4,,,,,,,,,
3182,15-Aug-22,3,3,4,,,,,,,,,
3184,03-Jul-23,3,1,4,,,,,,,,,
3219,06-Feb-23,3,3,4,,,,,,,,,
3274,25-Jun-23,3,5,4,,,,,,,,,
3286,25-Apr-23,3,1,4,,,,,,,,,
3298,12-Dec-22,3,4,4,,,,,,,,,
3312,14-Jun-23,3,1,4,,,,,,,,,
3338,28-Mar-23,3,2,4,,,,,,,,,
3393,21-May-23,3,4,4,,,,,,,,,
3473,28-Jun-23,3,4,4,,,,,,,,,
3498,19-Jun-23,3,3,4,,,,,,,,,
3524,19-May-23,3,2,4,,,,,,,,,
3539,06-Feb-23,3,3,4,,,,,,,,,
3550,23-Jan-23,3,5,4,,,,,,,,,
3581,29-Aug-22,3,4,4,,,,,,,,,
3604,15-Dec-22,3,5,4,,,,,,,,,
3615,06-Feb-23,3,1,4,,,,,,,,,
3650,30-Jun-23,3,2,4,,,,,,,,,
3660,30-Aug-22,3,2,4,,,,,,,,,
3672,30-Nov-22,3,2,4,,,,,,,,,
3678,20-Nov-22,3,4,4,,,,,,,,,
3705,25-May-23,3,1,4,,,,,,,,,
3707,24-Mar-23,3,2,4,,,,,,,,,
3732,12-Dec-22,3,4,4,,,,,,,,,
3789,25-Sep-22,3,1,4,,,,,,,,,
3827,25-Dec-22,3,3,4,,,,,,,,,
3839,04-Apr-23,3,3,4,,,,,,,,,
3877,30-Jun-23,3,3,4,,,,,,,,,
3888,02-May-23,3,1,4,,,,,,,,,
3906,18-Jan-23,3,2,4,,,,,,,,,
3917,24-Sep-22,3,1,4,,,,,,,,,
3953,16-Mar-23,3,4,4,,,,,,,,,
3957,07-Jun-23,3,2,4,,,,,,,,,
3993,16-Oct-22,3,4,4,,,,,,,,,
1004,30-Jul-23,3,5,3,,,,,,,,,
1033,02-Jul-23,3,1,3,,,,,,,,,
1080,04-Mar-23,3,1,3,,,,,,,,,
1124,27-Feb-23,3,2,3,,,,,,,,,
1199,27-Jun-23,3,3,3,,,,,,,,,
1203,03-Oct-22,3,5,3,,,,,,,,,
1295,18-Feb-23,3,3,3,,,,,,,,,
1310,24-Apr-23,3,4,3,,,,,,,,,
1316,20-Jul-23,3,4,3,,,,,,,,,
1385,11-Sep-22,3,1,3,,,,,,,,,
1397,31-Mar-23,3,2,3,,,,,,,,,
1405,29-Apr-23,3,3,3,,,,,,,,,
1408,07-Jun-23,3,3,3,,,,,,,,,
1439,29-Nov-22,3,1,3,,,,,,,,,
1468,21-Apr-23,3,1,3,,,,,,,,,
1481,24-Jul-23,3,5,3,,,,,,,,,
1529,28-Apr-23,3,1,3,,,,,,,,,
1559,04-Feb-23,3,1,3,,,,,,,,,
1583,27-Jun-23,3,3,3,,,,,,,,,
1595,12-Jan-23,3,4,3,,,,,,,,,
1694,31-Aug-22,3,5,3,,,,,,,,,
1695,25-May-23,3,3,3,,,,,,,,,
1712,12-May-23,3,2,3,,,,,,,,,
1726,14-Jun-23,3,5,3,,,,,,,,,
1736,21-Apr-23,3,1,3,,,,,,,,,
1768,11-Feb-23,3,3,3,,,,,,,,,
1776,16-Jan-23,3,2,3,,,,,,,,,
1801,02-Jun-23,3,4,3,,,,,,,,,
1813,03-Jun-23,3,5,3,,,,,,,,,
1818,25-Jun-23,3,1,3,,,,,,,,,
1839,28-Apr-23,3,3,3,,,,,,,,,
1841,30-Mar-23,3,5,3,,,,,,,,,
1855,31-Jan-23,3,3,3,,,,,,,,,
1881,18-Sep-22,3,5,3,,,,,,,,,
1892,11-Jan-23,3,3,3,,,,,,,,,
1911,08-Apr-23,3,4,3,,,,,,,,,
1916,25-Dec-22,3,4,3,,,,,,,,,
2027,15-Jun-23,3,1,3,,,,,,,,,
2047,24-Aug-22,3,5,3,,,,,,,,,
2049,06-Jun-23,3,1,3,,,,,,,,,
2090,23-Jul-23,3,4,3,,,,,,,,,
2123,29-Oct-22,3,5,3,,,,,,,,,
2153,19-Jan-23,3,5,3,,,,,,,,,
2164,09-Dec-22,3,1,3,,,,,,,,,
2235,10-Sep-22,3,5,3,,,,,,,,,
2306,25-Apr-23,3,4,3,,,,,,,,,
2391,22-Jun-23,3,3,3,,,,,,,,,
2403,07-Nov-22,3,3,3,,,,,,,,,
2409,11-Jan-23,3,3,3,,,,,,,,,
2453,23-Dec-22,3,3,3,,,,,,,,,
2457,27-Apr-23,3,2,3,,,,,,,,,
2480,12-Feb-23,3,2,3,,,,,,,,,
2505,30-Oct-22,3,2,3,,,,,,,,,
2541,22-Jul-23,3,4,3,,,,,,,,,
2543,06-Jul-23,3,4,3,,,,,,,,,
2545,12-Feb-23,3,2,3,,,,,,,,,
2552,19-Oct-22,3,2,3,,,,,,,,,
2559,10-Jul-23,3,5,3,,,,,,,,,
2569,28-May-23,3,4,3,,,,,,,,,
2605,25-Feb-23,3,4,3,,,,,,,,,
2616,12-Sep-22,3,1,3,,,,,,,,,
2634,12-Dec-22,3,5,3,,,,,,,,,
2635,21-Jun-23,3,1,3,,,,,,,,,
2667,28-Dec-22,3,2,3,,,,,,,,,
2681,22-Jul-23,3,3,3,,,,,,,,,
2696,13-May-23,3,1,3,,,,,,,,,
2714,20-Oct-22,3,1,3,,,,,,,,,
2759,06-Nov-22,3,1,3,,,,,,,,,
2765,05-Jan-23,3,1,3,,,,,,,,,
2769,07-Aug-22,3,1,3,,,,,,,,,
2782,07-Oct-22,3,5,3,,,,,,,,,
2811,13-Apr-23,3,4,3,,,,,,,,,
2840,07-May-23,3,2,3,,,,,,,,,
2867,07-Mar-23,3,1,3,,,,,,,,,
2912,07-Jul-23,3,5,3,,,,,,,,,
2951,31-May-23,3,1,3,,,,,,,,,
2972,24-Nov-22,3,4,3,,,,,,,,,
3002,10-Sep-22,3,3,3,,,,,,,,,
3017,28-Sep-22,3,5,3,,,,,,,,,
3023,19-Sep-22,3,5,3,,,,,,,,,
3079,12-Nov-22,3,5,3,,,,,,,,,
3118,25-Oct-22,3,2,3,,,,,,,,,
3144,18-Dec-22,3,4,3,,,,,,,,,
3169,27-Apr-23,3,2,3,,,,,,,,,
3205,03-Nov-22,3,1,3,,,,,,,,,
3228,13-Nov-22,3,5,3,,,,,,,,,
3277,07-Jan-23,3,2,3,,,,,,,,,
3285,29-May-23,3,3,3,,,,,,,,,
3341,20-Mar-23,3,5,3,,,,,,,,,
3359,29-Apr-23,3,1,3,,,,,,,,,
3370,30-Jul-23,3,5,3,,,,,,,,,
3377,19-Dec-22,3,5,3,,,,,,,,,
3383,12-Nov-22,3,2,3,,,,,,,,,
3388,09-Oct-22,3,1,3,,,,,,,,,
3468,05-Feb-23,3,1,3,,,,,,,,,
3504,20-Apr-23,3,4,3,,,,,,,,,
3523,27-Feb-23,3,2,3,,,,,,,,,
3544,14-Sep-22,3,5,3,,,,,,,,,
3574,07-Jul-23,3,3,3,,,,,,,,,
3602,04-Aug-23,3,3,3,,,,,,,,,
3636,08-Dec-22,3,5,3,,,,,,,,,
3639,17-Mar-23,3,2,3,,,,,,,,,
3662,14-Jul-23,3,5,3,,,,,,,,,
3680,23-Apr-23,3,2,3,,,,,,,,,
3682,30-Jul-23,3,3,3,,,,,,,,,
3709,08-May-23,3,5,3,,,,,,,,,
3736,14-Sep-22,3,1,3,,,,,,,,,
3769,25-Sep-22,3,5,3,,,,,,,,,
3783,07-Mar-23,3,4,3,,,,,,,,,
3799,24-Dec-22,3,1,3,,,,,,,,,
3862,08-Jan-23,3,1,3,,,,,,,,,
3914,15-Mar-23,3,5,3,,,,,,,,,
1057,12-Mar-23,3,2,5,,,,,,,,,
1067,10-Jun-23,3,2,5,,,,,,,,,
1089,19-Apr-23,3,1,5,,,,,,,,,
1113,09-Apr-23,3,3,5,,,,,,,,,
1137,12-Nov-22,3,3,5,,,,,,,,,
1149,03-Nov-22,3,2,5,,,,,,,,,
1186,12-May-23,3,3,5,,,,,,,,,
1245,23-Sep-22,3,5,5,,,,,,,,,
1254,18-Jun-23,3,1,5,,,,,,,,,
1271,13-Jan-23,3,1,5,,,,,,,,,
1279,11-Oct-22,3,3,5,,,,,,,,,
1329,23-May-23,3,2,5,,,,,,,,,
1331,16-May-23,3,2,5,,,,,,,,,
1333,29-Jan-23,3,4,5,,,,,,,,,
1350,05-Mar-23,3,4,5,,,,,,,,,
1421,03-Sep-22,3,5,5,,,,,,,,,
1522,03-Dec-22,3,4,5,,,,,,,,,
1546,26-May-23,3,1,5,,,,,,,,,
1553,12-Jan-23,3,1,5,,,,,,,,,
1607,18-Mar-23,3,5,5,,,,,,,,,
1626,11-Jan-23,3,4,5,,,,,,,,,
1673,19-Aug-22,3,5,5,,,,,,,,,
1687,03-Aug-23,3,4,5,,,,,,,,,
1690,12-Nov-22,3,1,5,,,,,,,,,
1706,19-Jun-23,3,2,5,,,,,,,,,
1762,19-Mar-23,3,3,5,,,,,,,,,
1772,01-Jan-23,3,4,5,,,,,,,,,
1797,03-May-23,3,3,5,,,,,,,,,
1804,14-Apr-23,3,3,5,,,,,,,,,
1817,28-Feb-23,3,1,5,,,,,,,,,
1826,28-Sep-22,3,2,5,,,,,,,,,
1886,18-Jan-23,3,2,5,,,,,,,,,
1894,01-Jun-23,3,1,5,,,,,,,,,
1918,01-Oct-22,3,5,5,,,,,,,,,
1921,01-Feb-23,3,2,5,,,,,,,,,
1936,11-Oct-22,3,3,5,,,,,,,,,
1940,20-Aug-22,3,4,5,,,,,,,,,
1982,24-Jun-23,3,5,5,,,,,,,,,
2069,22-Jul-23,3,1,5,,,,,,,,,
2070,23-Feb-23,3,4,5,,,,,,,,,
2109,04-Apr-23,3,3,5,,,,,,,,,
2145,19-May-23,3,3,5,,,,,,,,,
2200,16-Dec-22,3,1,5,,,,,,,,,
2220,02-Mar-23,3,3,5,,,,,,,,,
2246,20-Mar-23,3,4,5,,,,,,,,,
2249,29-May-23,3,5,5,,,,,,,,,
2254,14-Dec-22,3,2,5,,,,,,,,,
2330,11-Sep-22,3,4,5,,,,,,,,,
2334,01-Dec-22,3,3,5,,,,,,,,,
2339,22-Mar-23,3,1,5,,,,,,,,,
2351,21-Feb-23,3,3,5,,,,,,,,,
2367,26-Oct-22,3,2,5,,,,,,,,,
2372,02-Aug-23,3,4,5,,,,,,,,,
2373,21-Jul-23,3,5,5,,,,,,,,,
2407,23-Sep-22,3,5,5,,,,,,,,,
2418,08-Mar-23,3,2,5,,,,,,,,,
2423,06-Apr-23,3,3,5,,,,,,,,,
2445,20-Nov-22,3,4,5,,,,,,,,,
2463,04-Dec-22,3,5,5,,,,,,,,,
2476,18-Mar-23,3,5,5,,,,,,,,,
2485,14-May-23,3,5,5,,,,,,,,,
2492,02-Jan-23,3,2,5,,,,,,,,,
2502,21-Jul-23,3,3,5,,,,,,,,,
2519,03-Sep-22,3,5,5,,,,,,,,,
2527,28-Oct-22,3,4,5,,,,,,,,,
2571,19-Jun-23,3,3,5,,,,,,,,,
2582,20-Sep-22,3,2,5,,,,,,,,,
2601,06-Oct-22,3,5,5,,,,,,,,,
2706,18-Dec-22,3,2,5,,,,,,,,,
2712,24-Jun-23,3,2,5,,,,,,,,,
2718,01-Jun-23,3,5,5,,,,,,,,,
2723,31-Jan-23,3,1,5,,,,,,,,,
2743,31-Aug-22,3,2,5,,,,,,,,,
2747,13-May-23,3,1,5,,,,,,,,,
2766,22-Sep-22,3,5,5,,,,,,,,,
2785,15-Aug-22,3,1,5,,,,,,,,,
2812,14-Aug-22,3,2,5,,,,,,,,,
2855,27-Mar-23,3,5,5,,,,,,,,,
2882,10-Jan-23,3,2,5,,,,,,,,,
2890,17-Jan-23,3,5,5,,,,,,,,,
2903,09-Aug-22,3,3,5,,,,,,,,,
2950,21-Aug-22,3,3,5,,,,,,,,,
3025,25-Jan-23,3,4,5,,,,,,,,,
3033,28-Aug-22,3,3,5,,,,,,,,,
3051,09-Feb-23,3,5,5,,,,,,,,,
3080,05-Feb-23,3,3,5,,,,,,,,,
3093,31-Dec-22,3,4,5,,,,,,,,,
3131,07-Aug-22,3,2,5,,,,,,,,,
3249,03-Feb-23,3,2,5,,,,,,,,,
3324,06-Sep-22,3,2,5,,,,,,,,,
3382,10-Nov-22,3,5,5,,,,,,,,,
3437,15-Oct-22,3,2,5,,,,,,,,,
3491,10-Sep-22,3,4,5,,,,,,,,,
3493,02-Apr-23,3,1,5,,,,,,,,,
3515,03-Jul-23,3,5,5,,,,,,,,,
3618,06-Dec-22,3,4,5,,,,,,,,,
3622,26-Jul-23,3,1,5,,,,,,,,,
3632,27-Feb-23,3,4,5,,,,,,,,,
3648,28-Sep-22,3,3,5,,,,,,,,,
3659,26-Aug-22,3,1,5,,,,,,,,,
3661,06-Jul-23,3,2,5,,,,,,,,,
3671,10-Jan-23,3,4,5,,,,,,,,,
3677,25-Jul-23,3,5,5,,,,,,,,,
3694,20-Mar-23,3,3,5,,,,,,,,,
3738,19-Sep-22,3,3,5,,,,,,,,,
3752,04-Aug-23,3,1,5,,,,,,,,,
3754,23-Apr-23,3,3,5,,,,,,,,,
3763,09-Jul-23,3,2,5,,,,,,,,,
3802,09-Jan-23,3,3,5,,,,,,,,,
3809,04-Sep-22,3,1,5,,,,,,,,,
3831,19-May-23,3,2,5,,,,,,,,,
3834,25-Jan-23,3,5,5,,,,,,,,,
3843,16-Nov-22,3,5,5,,,,,,,,,
3844,01-Feb-23,3,2,5,,,,,,,,,
3861,19-Jul-23,3,1,5,,,,,,,,,
3873,25-Mar-23,3,4,5,,,,,,,,,
3876,07-Nov-22,3,2,5,,,,,,,,,
3907,07-Mar-23,3,2,5,,,,,,,,,
3918,30-May-23,3,3,5,,,,,,,,,
3933,27-Mar-23,3,4,5,,,,,,,,,
